source_id,source_title,proposed_stratum,journal,date,PMID,PMCID,DOI,pubmed_url,pmc_url,doi_url,pmc_retrieval_rights,original_pdf_archived,original_html_archived,original_xml_archived,derived_markdown_archived,derived_markdown_repo_path,derived_markdown_git_blob_sha,license_statement,scientific_status
"CAND-G100-001","Time-Restricted Eating in Adults With Metabolic Syndrome : A Randomized Controlled Trial.","primary_interventional","Annals of internal medicine","2024 Nov","39348690","PMC11929607","10.7326/M24-0859","https://pubmed.ncbi.nlm.nih.gov/39348690/","https://pmc.ncbi.nlm.nih.gov/articles/PMC11929607/","https://doi.org/10.7326/M24-0859","PMC_AUTOMATED_BODY_RETRIEVAL_ALLOWED","NOT_ARCHIVED","NOT_ARCHIVED","NOT_ARCHIVED","NOT_ARCHIVED","","","This file is available for text mining. It may also be used consistent with the principles of fair use under the copyright law.","CANDIDATE_NOT_GOLD"
"CAND-G100-002","Effects of Time-Restricted Eating on Weight Loss and Other Metabolic Parameters in Women and Men With Overweight and Obesity: The TREAT Randomized Clinical Trial.","primary_interventional","JAMA internal medicine","2020 Nov 01","32986097","PMC7522780","10.1001/jamainternmed.2020.4153","https://pubmed.ncbi.nlm.nih.gov/32986097/","https://pmc.ncbi.nlm.nih.gov/articles/PMC7522780/","https://doi.org/10.1001/jamainternmed.2020.4153","UNCONFIRMED_OR_RESTRICTED","NOT_ARCHIVED","NOT_ARCHIVED","NOT_ARCHIVED","NOT_ARCHIVED","","","","CANDIDATE_NOT_GOLD"
"CAND-G100-003","Time-restricted eating with or without low-carbohydrate diet reduces visceral fat and improves metabolic syndrome: A randomized trial.","primary_interventional","Cell reports. Medicine","2022 Oct 18","36220069","PMC9589024","10.1016/j.xcrm.2022.100777","https://pubmed.ncbi.nlm.nih.gov/36220069/","https://pmc.ncbi.nlm.nih.gov/articles/PMC9589024/","https://doi.org/10.1016/j.xcrm.2022.100777","PMC_AUTOMATED_BODY_RETRIEVAL_ALLOWED","NOT_ARCHIVED","NOT_ARCHIVED","NOT_ARCHIVED","NOT_ARCHIVED","","","https://creativecommons.org/licenses/by-nc-nd/4.0/This is an open access article under the CC BY-NC-ND license (http://creativecommons.org/licenses/by-nc-nd/4.0/).","CANDIDATE_NOT_GOLD"
"CAND-G100-004","Randomized controlled trial for time-restricted eating in healthy volunteers without obesity.","primary_interventional","Nature communications","2022 Feb 22","35194047","PMC8864028","10.1038/s41467-022-28662-5","https://pubmed.ncbi.nlm.nih.gov/35194047/","https://pmc.ncbi.nlm.nih.gov/articles/PMC8864028/","https://doi.org/10.1038/s41467-022-28662-5","PMC_AUTOMATED_BODY_RETRIEVAL_ALLOWED","NOT_ARCHIVED","NOT_ARCHIVED","NOT_ARCHIVED","ARCHIVED_DERIVED_TEXT_ONLY","paper_c/P0/g1_shared_p0_1/source_projections/CAND-G100-004_PMC8864028_PMC_body_CC-BY-4.0.md","bf58378d849ab4a780aa752a0fa4e78c951d28ac","https://creativecommons.org/licenses/by/4.0/Open Access This article is licensed under a Creative Commons Attribution 4.0 International License, which permits use, sharing, adaptation, distribution and reproduction in any medium or format, as long as you give appropriate credit to the original author(s) and the source, provide a link to the Creative Commons license, and indicate if changes were made. The images or other third party material in this article are included in the article’s Creative Commons license, unless indicated otherwise in a credit line to the material. If material is not included in the article’s Creative Commons license and your intended use is not permitted by statutory regulation or exceeds the permitted use, you will need to obtain permission directly from the copyright holder. To view a copy of this license, visit http://creativecommons.org/licenses/by/4.0/.","CANDIDATE_NOT_GOLD"
"CAND-G100-005","Effect of Time-Restricted Eating on Weight Loss in Adults With Type 2 Diabetes: A Randomized Clinical Trial.","primary_interventional","JAMA network open","2023 Oct 02","37889487","PMC10611992","10.1001/jamanetworkopen.2023.39337","https://pubmed.ncbi.nlm.nih.gov/37889487/","https://pmc.ncbi.nlm.nih.gov/articles/PMC10611992/","https://doi.org/10.1001/jamanetworkopen.2023.39337","PMC_AUTOMATED_BODY_RETRIEVAL_ALLOWED","NOT_ARCHIVED","NOT_ARCHIVED","NOT_ARCHIVED","NOT_ARCHIVED","","","https://creativecommons.org/licenses/by-nc-nd/4.0/This is an open access article distributed under the terms of the CC-BY-NC-ND License.","CANDIDATE_NOT_GOLD"
"CAND-G100-006","Effects of DASH diet with or without time-restricted eating in the management of stage 1 primary hypertension: a randomized controlled trial.","primary_interventional","Nutrition journal","2024 Jun 17","38886740","PMC11181626","10.1186/s12937-024-00967-9","https://pubmed.ncbi.nlm.nih.gov/38886740/","https://pmc.ncbi.nlm.nih.gov/articles/PMC11181626/","https://doi.org/10.1186/s12937-024-00967-9","PMC_AUTOMATED_BODY_RETRIEVAL_ALLOWED","NOT_ARCHIVED","NOT_ARCHIVED","NOT_ARCHIVED","NOT_ARCHIVED","","","https://creativecommons.org/licenses/by/4.0/Open Access This article is licensed under a Creative Commons Attribution 4.0 International License, which permits use, sharing, adaptation, distribution and reproduction in any medium or format, as long as you give appropriate credit to the original author(s) and the source, provide a link to the Creative Commons licence, and indicate if changes were made. The images or other third party material in this article are included in the article's Creative Commons licence, unless indicated otherwise in a credit line to the material. If material is not included in the article's Creative Commons licence and your intended use is not permitted by statutory regulation or exceeds the permitted use, you will need to obtain permission directly from the copyright holder. To view a copy of this licence, visit http://creativecommons.org/licenses/by/4.0/. The Creative Commons Public Domain Dedication waiver (http://creativecommons.org/publicdomain/zero/1.0/) applies to the data made available in this article, unless otherwise stated in a credit line to the data.","CANDIDATE_NOT_GOLD"
"CAND-G100-007","Long-term secondary prevention of cardiovascular disease with a Mediterranean diet and a low-fat diet (CORDIOPREV): a randomised controlled trial.","primary_interventional","Lancet (London, England)","2022 May 14","35525255","","10.1016/S0140-6736(22)00122-2","https://pubmed.ncbi.nlm.nih.gov/35525255/","","https://doi.org/10.1016/S0140-6736(22)00122-2","UNCONFIRMED_OR_RESTRICTED","NOT_ARCHIVED","NOT_ARCHIVED","NOT_ARCHIVED","NOT_ARCHIVED","","","","CANDIDATE_NOT_GOLD"
"CAND-G100-008","Effect of Calorie-Unrestricted Low-Carbohydrate, High-Fat Diet Versus High-Carbohydrate, Low-Fat Diet on Type 2 Diabetes and Nonalcoholic Fatty Liver Disease : A Randomized Controlled Trial.","primary_interventional","Annals of internal medicine","2023 Jan","36508737","","10.7326/M22-1787","https://pubmed.ncbi.nlm.nih.gov/36508737/","","https://doi.org/10.7326/M22-1787","UNCONFIRMED_OR_RESTRICTED","NOT_ARCHIVED","NOT_ARCHIVED","NOT_ARCHIVED","NOT_ARCHIVED","","","","CANDIDATE_NOT_GOLD"
"CAND-G100-009","Effects of a low-carbohydrate diet on insulin-resistant dyslipoproteinemia-a randomized controlled feeding trial.","primary_interventional","The American journal of clinical nutrition","2022 Jan 11","34582545","PMC8755039","10.1093/ajcn/nqab287","https://pubmed.ncbi.nlm.nih.gov/34582545/","https://pmc.ncbi.nlm.nih.gov/articles/PMC8755039/","https://doi.org/10.1093/ajcn/nqab287","PMC_AUTOMATED_BODY_RETRIEVAL_ALLOWED","NOT_ARCHIVED","NOT_ARCHIVED","NOT_ARCHIVED","NOT_ARCHIVED","","","https://creativecommons.org/licenses/by-nc/4.0/This is an Open Access article distributed under the terms of the Creative Commons Attribution-NonCommercial License (https://creativecommons.org/licenses/by-nc/4.0/), which permits non-commercial re-use, distribution, and reproduction in any medium, provided the original work is properly cited. For commercial re-use, please contact journals.permissions@oup.com","CANDIDATE_NOT_GOLD"
"CAND-G100-010","Effects of a Low-Carbohydrate Dietary Intervention on Hemoglobin A1c: A Randomized Clinical Trial.","primary_interventional","JAMA network open","2022 Oct 03","36287562","PMC9606840","10.1001/jamanetworkopen.2022.38645","https://pubmed.ncbi.nlm.nih.gov/36287562/","https://pmc.ncbi.nlm.nih.gov/articles/PMC9606840/","https://doi.org/10.1001/jamanetworkopen.2022.38645","PMC_AUTOMATED_BODY_RETRIEVAL_ALLOWED","NOT_ARCHIVED","NOT_ARCHIVED","NOT_ARCHIVED","NOT_ARCHIVED","","","https://creativecommons.org/licenses/by/4.0/This is an open access article distributed under the terms of the CC-BY License.","CANDIDATE_NOT_GOLD"
"CAND-G100-011","Low-carbohydrate vegan diets in diabetes for weight loss and sustainability: a randomized controlled trial.","primary_interventional","The American journal of clinical nutrition","2022 Nov","36156115","","10.1093/ajcn/nqac203","https://pubmed.ncbi.nlm.nih.gov/36156115/","","https://doi.org/10.1093/ajcn/nqac203","UNCONFIRMED_OR_RESTRICTED","NOT_ARCHIVED","NOT_ARCHIVED","NOT_ARCHIVED","NOT_ARCHIVED","","","","CANDIDATE_NOT_GOLD"
"CAND-G100-012","The effect of dietary approaches to stop hypertension (DASH) diet on fatty liver and cardiovascular risk factors in subjects with metabolic syndrome: a randomized controlled trial.","primary_interventional","BMC endocrine disorders","2024 Jul 25","39054440","PMC11270781","10.1186/s12902-024-01661-x","https://pubmed.ncbi.nlm.nih.gov/39054440/","https://pmc.ncbi.nlm.nih.gov/articles/PMC11270781/","https://doi.org/10.1186/s12902-024-01661-x","PMC_AUTOMATED_BODY_RETRIEVAL_ALLOWED","NOT_ARCHIVED","NOT_ARCHIVED","NOT_ARCHIVED","NOT_ARCHIVED","","","https://creativecommons.org/licenses/by-nc-nd/4.0/Open Access This article is licensed under a Creative Commons Attribution-NonCommercial-NoDerivatives 4.0 International License, which permits any non-commercial use, sharing, distribution and reproduction in any medium or format, as long as you give appropriate credit to the original author(s) and the source, provide a link to the Creative Commons licence, and indicate if you modified the licensed material. You do not have permission under this licence to share adapted material derived from this article or parts of it. The images or other third party material in this article are included in the article’s Creative Commons licence, unless indicated otherwise in a credit line to the material. If material is not included in the article’s Creative Commons licence and your intended use is not permitted by statutory regulation or exceeds the permitted use, you will need to obtain permission directly from the copyright holder. To view a copy of this licence, visit http://creativecommons.org/licenses/by-nc-nd/4.0/.","CANDIDATE_NOT_GOLD"
"CAND-G100-013","DASH vs. Mediterranean diet on a salt restriction background in adults with high normal blood pressure or grade 1 hypertension: A randomized controlled trial.","primary_interventional","Clinical nutrition (Edinburgh, Scotland)","2023 Oct","37625311","","10.1016/j.clnu.2023.08.011","https://pubmed.ncbi.nlm.nih.gov/37625311/","","https://doi.org/10.1016/j.clnu.2023.08.011","UNCONFIRMED_OR_RESTRICTED","NOT_ARCHIVED","NOT_ARCHIVED","NOT_ARCHIVED","NOT_ARCHIVED","","","","CANDIDATE_NOT_GOLD"
"CAND-G100-014","Development of a Health Behavioral Digital Intervention for Patients With Hypertension Based on an Intelligent Health Promotion System and WeChat: Randomized Controlled Trial.","primary_interventional","JMIR mHealth and uHealth","2024 Apr 05","38578692","PMC11031705","10.2196/53006","https://pubmed.ncbi.nlm.nih.gov/38578692/","https://pmc.ncbi.nlm.nih.gov/articles/PMC11031705/","https://doi.org/10.2196/53006","PMC_AUTOMATED_BODY_RETRIEVAL_ALLOWED","NOT_ARCHIVED","NOT_ARCHIVED","NOT_ARCHIVED","NOT_ARCHIVED","","","https://creativecommons.org/licenses/by/4.0/This is an open-access article distributed under the terms of the Creative Commons Attribution License (https://creativecommons.org/licenses/by/4.0/), which permits unrestricted use, distribution, and reproduction in any medium, provided the original work, first published in JMIR mHealth and uHealth, is properly cited. The complete bibliographic information, a link to the original publication on https://mhealth.jmir.org/, as well as this copyright and license information must be included.","CANDIDATE_NOT_GOLD"
"CAND-G100-015","Effect of a ketogenic diet versus Mediterranean diet on glycated hemoglobin in individuals with prediabetes and type 2 diabetes mellitus: The interventional Keto-Med randomized crossover trial.","primary_interventional","The American journal of clinical nutrition","2022 Sep 02","35641199","PMC9437985","10.1093/ajcn/nqac154","https://pubmed.ncbi.nlm.nih.gov/35641199/","https://pmc.ncbi.nlm.nih.gov/articles/PMC9437985/","https://doi.org/10.1093/ajcn/nqac154","PMC_AUTOMATED_BODY_RETRIEVAL_ALLOWED","NOT_ARCHIVED","NOT_ARCHIVED","NOT_ARCHIVED","NOT_ARCHIVED","","","https://creativecommons.org/licenses/by-nc/4.0/This is an Open Access article distributed under the terms of the Creative Commons Attribution Non-Commercial License (https://creativecommons.org/licenses/by-nc/4.0/), which permits non-commercial re-use, distribution, and reproduction in any medium, provided the original work is properly cited. For commercial re-use, please contact journals.permissions@oup.com","CANDIDATE_NOT_GOLD"
"CAND-G100-016","A Randomized Trial Comparing the Specific Carbohydrate Diet to a Mediterranean Diet in Adults With Crohn's Disease.","primary_interventional","Gastroenterology","2021 Sep","34052278","PMC8396394","10.1053/j.gastro.2021.05.047","https://pubmed.ncbi.nlm.nih.gov/34052278/","https://pmc.ncbi.nlm.nih.gov/articles/PMC8396394/","https://doi.org/10.1053/j.gastro.2021.05.047","PMC_AUTOMATED_BODY_RETRIEVAL_ALLOWED","NOT_ARCHIVED","NOT_ARCHIVED","NOT_ARCHIVED","NOT_ARCHIVED","","","This file is available for text mining. It may also be used consistent with the principles of fair use under the copyright law.","CANDIDATE_NOT_GOLD"
"CAND-G100-017","Mediterranean Diet and Patients With Psoriasis: The MEDIPSO Randomized Clinical Trial.","primary_interventional","JAMA dermatology","2025 Dec 01","40991259","PMC12461594","10.1001/jamadermatol.2025.3410","https://pubmed.ncbi.nlm.nih.gov/40991259/","https://pmc.ncbi.nlm.nih.gov/articles/PMC12461594/","https://doi.org/10.1001/jamadermatol.2025.3410","UNCONFIRMED_OR_RESTRICTED","NOT_ARCHIVED","NOT_ARCHIVED","NOT_ARCHIVED","NOT_ARCHIVED","","","","CANDIDATE_NOT_GOLD"
"CAND-G100-018","Effect of green-Mediterranean diet on intrahepatic fat: the DIRECT PLUS randomised controlled trial.","primary_interventional","Gut","2021 Nov","33461965","PMC8515100","10.1136/gutjnl-2020-323106","https://pubmed.ncbi.nlm.nih.gov/33461965/","https://pmc.ncbi.nlm.nih.gov/articles/PMC8515100/","https://doi.org/10.1136/gutjnl-2020-323106","PMC_AUTOMATED_BODY_RETRIEVAL_ALLOWED","NOT_ARCHIVED","NOT_ARCHIVED","NOT_ARCHIVED","NOT_ARCHIVED","","","https://creativecommons.org/licenses/by-nc/4.0/This is an open access article distributed in accordance with the Creative Commons Attribution Non Commercial (CC BY-NC 4.0) license, which permits others to distribute, remix, adapt, build upon this work non-commercially, and license their derivative works on different terms, provided the original work is properly cited, appropriate credit is given, any changes made indicated, and the use is non-commercial. See: http://creativecommons.org/licenses/by-nc/4.0/.","CANDIDATE_NOT_GOLD"
"CAND-G100-019","An AI-Powered Lifestyle Intervention vs Human Coaching in the Diabetes Prevention Program: A Randomized Clinical Trial.","primary_interventional","JAMA","2025 Dec 16","41144242","PMC12560030","10.1001/jama.2025.19563","https://pubmed.ncbi.nlm.nih.gov/41144242/","https://pmc.ncbi.nlm.nih.gov/articles/PMC12560030/","https://doi.org/10.1001/jama.2025.19563","UNCONFIRMED_OR_RESTRICTED","NOT_ARCHIVED","NOT_ARCHIVED","NOT_ARCHIVED","NOT_ARCHIVED","","","","CANDIDATE_NOT_GOLD"
"CAND-G100-020","Different Effects of Lifestyle Intervention in High- and Low-Risk Prediabetes: Results of the Randomized Controlled Prediabetes Lifestyle Intervention Study (PLIS).","primary_interventional","Diabetes","2021 Dec","34531293","","10.2337/db21-0526","https://pubmed.ncbi.nlm.nih.gov/34531293/","","https://doi.org/10.2337/db21-0526","UNCONFIRMED_OR_RESTRICTED","NOT_ARCHIVED","NOT_ARCHIVED","NOT_ARCHIVED","NOT_ARCHIVED","","","","CANDIDATE_NOT_GOLD"
"CAND-G100-021","Effects of personalized diets by prediction of glycemic responses on glycemic control and metabolic health in newly diagnosed T2DM: a randomized dietary intervention pilot trial.","primary_interventional","BMC medicine","2022 Feb 09","35135549","PMC8826661","10.1186/s12916-022-02254-y","https://pubmed.ncbi.nlm.nih.gov/35135549/","https://pmc.ncbi.nlm.nih.gov/articles/PMC8826661/","https://doi.org/10.1186/s12916-022-02254-y","PMC_AUTOMATED_BODY_RETRIEVAL_ALLOWED","NOT_ARCHIVED","NOT_ARCHIVED","NOT_ARCHIVED","NOT_ARCHIVED","","","https://creativecommons.org/licenses/by/4.0/Open AccessThis article is licensed under a Creative Commons Attribution 4.0 International License, which permits use, sharing, adaptation, distribution and reproduction in any medium or format, as long as you give appropriate credit to the original author(s) and the source, provide a link to the Creative Commons licence, and indicate if changes were made. The images or other third party material in this article are included in the article's Creative Commons licence, unless indicated otherwise in a credit line to the material. If material is not included in the article's Creative Commons licence and your intended use is not permitted by statutory regulation or exceeds the permitted use, you will need to obtain permission directly from the copyright holder. To view a copy of this licence, visit http://creativecommons.org/licenses/by/4.0/. The Creative Commons Public Domain Dedication waiver (http://creativecommons.org/publicdomain/zero/1.0/) applies to the data made available in this article, unless otherwise stated in a credit line to the data.","CANDIDATE_NOT_GOLD"
"CAND-G100-022","The effect of daily protein supplementation, with or without resistance training for 1 year, on muscle size, strength, and function in healthy older adults: A randomized controlled trial.","primary_interventional","The American journal of clinical nutrition","2021 Apr 06","33564844","","10.1093/ajcn/nqaa372","https://pubmed.ncbi.nlm.nih.gov/33564844/","","https://doi.org/10.1093/ajcn/nqaa372","UNCONFIRMED_OR_RESTRICTED","NOT_ARCHIVED","NOT_ARCHIVED","NOT_ARCHIVED","NOT_ARCHIVED","","","","CANDIDATE_NOT_GOLD"
"CAND-G100-023","De-Training Effects Following Leucine-Enriched Whey Protein Supplementation and Resistance Training in Older Adults with Sarcopenia: A Randomized Controlled Trial with 24 Weeks of Follow-Up.","primary_interventional","The journal of nutrition, health & aging","2022","36437767","","10.1007/s12603-022-1853-1","https://pubmed.ncbi.nlm.nih.gov/36437767/","","https://doi.org/10.1007/s12603-022-1853-1","UNCONFIRMED_OR_RESTRICTED","NOT_ARCHIVED","NOT_ARCHIVED","NOT_ARCHIVED","NOT_ARCHIVED","","","","CANDIDATE_NOT_GOLD"
"CAND-G100-024","The effects of whey, pea, and collagen protein supplementation beyond the recommended dietary allowance on integrated myofibrillar protein synthetic rates in older males: a randomized controlled trial.","primary_interventional","The American journal of clinical nutrition","2024 Jul","38762187","PMC11291473","10.1016/j.ajcnut.2024.05.009","https://pubmed.ncbi.nlm.nih.gov/38762187/","https://pmc.ncbi.nlm.nih.gov/articles/PMC11291473/","https://doi.org/10.1016/j.ajcnut.2024.05.009","PMC_AUTOMATED_BODY_RETRIEVAL_ALLOWED","NOT_ARCHIVED","NOT_ARCHIVED","NOT_ARCHIVED","NOT_ARCHIVED","","","https://creativecommons.org/licenses/by/4.0/This is an open access article under the CC BY license (http://creativecommons.org/licenses/by/4.0/).","CANDIDATE_NOT_GOLD"
"CAND-G100-025","Effects of an Exercise and Nutritional Intervention on Circulating Biomarkers and Metabolomic Profiling During Adjuvant Treatment for Localized Breast Cancer: Results From the PASAPAS Feasibility Randomized Controlled Trial.","primary_interventional","Integrative cancer therapies","2021","33655799","PMC7934026","10.1177/1534735420977666","https://pubmed.ncbi.nlm.nih.gov/33655799/","https://pmc.ncbi.nlm.nih.gov/articles/PMC7934026/","https://doi.org/10.1177/1534735420977666","PMC_AUTOMATED_BODY_RETRIEVAL_ALLOWED","NOT_ARCHIVED","NOT_ARCHIVED","NOT_ARCHIVED","NOT_ARCHIVED","","","https://creativecommons.org/licenses/by-nc/4.0/This article is distributed under the terms of the Creative Commons Attribution-NonCommercial 4.0 License (https://creativecommons.org/licenses/by-nc/4.0/) which permits non-commercial use, reproduction and distribution of the work without further permission provided the original work is attributed as specified on the SAGE and Open Access pages (https://us.sagepub.com/en-us/nam/open-access-at-sage).","CANDIDATE_NOT_GOLD"
"CAND-G100-026","Effect of Early Peripheral Parenteral Nutrition Support in an Enhanced Recovery Program for Colorectal Cancer Surgery: A Randomized Open Trial.","primary_interventional","Journal of clinical medicine","2021 Aug 18","34441942","PMC8396922","10.3390/jcm10163647","https://pubmed.ncbi.nlm.nih.gov/34441942/","https://pmc.ncbi.nlm.nih.gov/articles/PMC8396922/","https://doi.org/10.3390/jcm10163647","PMC_AUTOMATED_BODY_RETRIEVAL_ALLOWED","NOT_ARCHIVED","NOT_ARCHIVED","NOT_ARCHIVED","NOT_ARCHIVED","","","https://creativecommons.org/licenses/by/4.0/Licensee MDPI, Basel, Switzerland. This article is an open access article distributed under the terms and conditions of the Creative Commons Attribution (CC BY) license (https://creativecommons.org/licenses/by/4.0/).","CANDIDATE_NOT_GOLD"
"CAND-G100-027","A population health dietary intervention for African American adults with chronic kidney disease: The Fruit and Veggies for Kidney Health randomized study.","primary_interventional","Contemporary clinical trials communications","2020 Mar","32090186","PMC7026290","10.1016/j.conctc.2020.100540","https://pubmed.ncbi.nlm.nih.gov/32090186/","https://pmc.ncbi.nlm.nih.gov/articles/PMC7026290/","https://doi.org/10.1016/j.conctc.2020.100540","PMC_AUTOMATED_BODY_RETRIEVAL_ALLOWED","NOT_ARCHIVED","NOT_ARCHIVED","NOT_ARCHIVED","NOT_ARCHIVED","","","https://creativecommons.org/licenses/by-nc-nd/4.0/This is an open access article under the CC BY-NC-ND license (http://creativecommons.org/licenses/by-nc-nd/4.0/).","CANDIDATE_NOT_GOLD"
"CAND-G100-028","Effect of essential amino acid кetoanalogues and protein restriction diet on morphogenetic proteins (FGF-23 and Кlotho) in 3b-4 stages chronic кidney disease patients: a randomized pilot study.","primary_interventional","Clinical and experimental nephrology","2018 Dec","29948444","","10.1007/s10157-018-1591-1","https://pubmed.ncbi.nlm.nih.gov/29948444/","","https://doi.org/10.1007/s10157-018-1591-1","UNCONFIRMED_OR_RESTRICTED","NOT_ARCHIVED","NOT_ARCHIVED","NOT_ARCHIVED","NOT_ARCHIVED","","","","CANDIDATE_NOT_GOLD"
"CAND-G100-029","Ultra-processed food intake and risk of cardiovascular disease: prospective cohort study (NutriNet-Santé).","primary_observational","BMJ (Clinical research ed.)","2019 May 29","31142457","PMC6538975","10.1136/bmj.l1451","https://pubmed.ncbi.nlm.nih.gov/31142457/","https://pmc.ncbi.nlm.nih.gov/articles/PMC6538975/","https://doi.org/10.1136/bmj.l1451","PMC_AUTOMATED_BODY_RETRIEVAL_ALLOWED","NOT_ARCHIVED","NOT_ARCHIVED","NOT_ARCHIVED","NOT_ARCHIVED","","","https://creativecommons.org/licenses/by-nc/4.0/This is an Open Access article distributed in accordance with the Creative Commons Attribution Non Commercial (CC BY-NC 4.0) license, which permits others to distribute, remix, adapt, build upon this work non-commercially, and license their derivative works on different terms, provided the original work is properly cited and the use is non-commercial. See: http://creativecommons.org/licenses/by-nc/4.0/.","CANDIDATE_NOT_GOLD"
"CAND-G100-030","Ultra-Processed Food Consumption and Risk of Type 2 Diabetes: Three Large Prospective U.S. Cohort Studies.","primary_observational","Diabetes care","2023 Jul 01","36854188","PMC10300524","10.2337/dc22-1993","https://pubmed.ncbi.nlm.nih.gov/36854188/","https://pmc.ncbi.nlm.nih.gov/articles/PMC10300524/","https://doi.org/10.2337/dc22-1993","UNCONFIRMED_OR_RESTRICTED","NOT_ARCHIVED","NOT_ARCHIVED","NOT_ARCHIVED","NOT_ARCHIVED","","","https://www.diabetesjournals.org/journals/pages/licenseReaders may use this article as long as the work is properly cited, the use is educational and not for profit, and the work is not altered. More information is available at https://www.diabetesjournals.org/journals/pages/license.","CANDIDATE_NOT_GOLD"
"CAND-G100-031","Consumption of ultra-processed foods and cancer risk: results from NutriNet-Santé prospective cohort.","primary_observational","BMJ (Clinical research ed.)","2018 Feb 14","29444771","PMC5811844","10.1136/bmj.k322","https://pubmed.ncbi.nlm.nih.gov/29444771/","https://pmc.ncbi.nlm.nih.gov/articles/PMC5811844/","https://doi.org/10.1136/bmj.k322","PMC_AUTOMATED_BODY_RETRIEVAL_ALLOWED","NOT_ARCHIVED","NOT_ARCHIVED","NOT_ARCHIVED","NOT_ARCHIVED","","","https://creativecommons.org/licenses/by-nc/4.0/This is an Open Access article distributed in accordance with the Creative Commons Attribution Non Commercial (CC BY-NC 4.0) license, which permits others to distribute, remix, adapt, build upon this work non-commercially, and license their derivative works on different terms, provided the original work is properly cited and the use is non-commercial. See: http://creativecommons.org/licenses/by-nc/4.0/.","CANDIDATE_NOT_GOLD"
"CAND-G100-032","Ultra-processed food consumption and type 2 diabetes incidence: A prospective cohort study.","primary_observational","Clinical nutrition (Edinburgh, Scotland)","2021 May","33388205","","10.1016/j.clnu.2020.12.018","https://pubmed.ncbi.nlm.nih.gov/33388205/","","https://doi.org/10.1016/j.clnu.2020.12.018","UNCONFIRMED_OR_RESTRICTED","NOT_ARCHIVED","NOT_ARCHIVED","NOT_ARCHIVED","NOT_ARCHIVED","","","","CANDIDATE_NOT_GOLD"
"CAND-G100-033","Ultra-processed food consumption and risk of obesity: a prospective cohort study of UK Biobank.","primary_observational","European journal of nutrition","2021 Jun","33070213","PMC8137628","10.1007/s00394-020-02367-1","https://pubmed.ncbi.nlm.nih.gov/33070213/","https://pmc.ncbi.nlm.nih.gov/articles/PMC8137628/","https://doi.org/10.1007/s00394-020-02367-1","PMC_AUTOMATED_BODY_RETRIEVAL_ALLOWED","NOT_ARCHIVED","NOT_ARCHIVED","NOT_ARCHIVED","NOT_ARCHIVED","","","https://creativecommons.org/licenses/by/4.0/Open AccessThis article is licensed under a Creative Commons Attribution 4.0 International License, which permits use, sharing, adaptation, distribution and reproduction in any medium or format, as long as you give appropriate credit to the original author(s) and the source, provide a link to the Creative Commons licence, and indicate if changes were made. The images or other third party material in this article are included in the article's Creative Commons licence, unless indicated otherwise in a credit line to the material. If material is not included in the article's Creative Commons licence and your intended use is not permitted by statutory regulation or exceeds the permitted use, you will need to obtain permission directly from the copyright holder. To view a copy of this licence, visit http://creativecommons.org/licenses/by/4.0/.","CANDIDATE_NOT_GOLD"
"CAND-G100-034","Dietary protein intake in midlife in relation to healthy aging - results from the prospective Nurses' Health Study cohort.","primary_observational","The American journal of clinical nutrition","2024 Feb","38309825","PMC10884611","10.1016/j.ajcnut.2023.11.010","https://pubmed.ncbi.nlm.nih.gov/38309825/","https://pmc.ncbi.nlm.nih.gov/articles/PMC10884611/","https://doi.org/10.1016/j.ajcnut.2023.11.010","PMC_AUTOMATED_BODY_RETRIEVAL_ALLOWED","NOT_ARCHIVED","NOT_ARCHIVED","NOT_ARCHIVED","NOT_ARCHIVED","","","https://creativecommons.org/licenses/by-nc-nd/4.0/This is an open access article under the CC BY-NC-ND license (http://creativecommons.org/licenses/by-nc-nd/4.0/).","CANDIDATE_NOT_GOLD"
"CAND-G100-035","Dietary protein intake and body composition, sarcopenia and sarcopenic obesity: A prospective population-based study.","primary_observational","Clinical nutrition (Edinburgh, Scotland)","2025 Oct","40845421","","10.1016/j.clnu.2025.07.033","https://pubmed.ncbi.nlm.nih.gov/40845421/","","https://doi.org/10.1016/j.clnu.2025.07.033","UNCONFIRMED_OR_RESTRICTED","NOT_ARCHIVED","NOT_ARCHIVED","NOT_ARCHIVED","NOT_ARCHIVED","","","","CANDIDATE_NOT_GOLD"
"CAND-G100-036","Protein Intake and Risk of Falls: A Prospective Analysis in Older Adults.","primary_observational","Journal of the American Geriatrics Society","2019 Feb","30517767","","10.1111/jgs.15681","https://pubmed.ncbi.nlm.nih.gov/30517767/","","https://doi.org/10.1111/jgs.15681","UNCONFIRMED_OR_RESTRICTED","NOT_ARCHIVED","NOT_ARCHIVED","NOT_ARCHIVED","NOT_ARCHIVED","","","","CANDIDATE_NOT_GOLD"
"CAND-G100-037","Use of Insoluble Dietary Fiber and Probiotics for Bowel Preparation Before Colonoscopy: A Prospective Study.","primary_observational","Surgical laparoscopy, endoscopy & percutaneous techniques","2022 Feb 24","35202009","PMC8969843","10.1097/SLE.0000000000000995","https://pubmed.ncbi.nlm.nih.gov/35202009/","https://pmc.ncbi.nlm.nih.gov/articles/PMC8969843/","https://doi.org/10.1097/SLE.0000000000000995","PMC_AUTOMATED_BODY_RETRIEVAL_ALLOWED","NOT_ARCHIVED","NOT_ARCHIVED","NOT_ARCHIVED","NOT_ARCHIVED","","","https://creativecommons.org/licenses/by-nc/4.0/This is an open access article distributed under the terms of the Creative Commons Attribution-Non Commercial License 4.0 (CCBY-NC), where it is permissible to download, share, remix, transform, and buildup the work provided it is properly cited. The work cannot be used commercially without permission from the journal. http://creativecommons.org/licenses/by-nc/4.0/","CANDIDATE_NOT_GOLD"
"CAND-G100-038","Dietary fiber intake and mortality among survivors of liver cirrhosis: A prospective cohort study.","primary_observational","Heliyon","2023 Jun","37251456","PMC10220317","10.1016/j.heliyon.2023.e16170","https://pubmed.ncbi.nlm.nih.gov/37251456/","https://pmc.ncbi.nlm.nih.gov/articles/PMC10220317/","https://doi.org/10.1016/j.heliyon.2023.e16170","PMC_AUTOMATED_BODY_RETRIEVAL_ALLOWED","NOT_ARCHIVED","NOT_ARCHIVED","NOT_ARCHIVED","NOT_ARCHIVED","","","https://creativecommons.org/licenses/by/4.0/This is an open access article under the CC BY license (http://creativecommons.org/licenses/by/4.0/).","CANDIDATE_NOT_GOLD"
"CAND-G100-039","Maternal Dietary Fiber Intake During Lactation and Human Milk Oligosaccharide Fucosylation: a PRIMA Birth Cohort Study.","primary_observational","Molecular nutrition & food research","2025 Oct","40583481","PMC12538538","10.1002/mnfr.70165","https://pubmed.ncbi.nlm.nih.gov/40583481/","https://pmc.ncbi.nlm.nih.gov/articles/PMC12538538/","https://doi.org/10.1002/mnfr.70165","PMC_AUTOMATED_BODY_RETRIEVAL_ALLOWED","NOT_ARCHIVED","NOT_ARCHIVED","NOT_ARCHIVED","NOT_ARCHIVED","","","https://creativecommons.org/licenses/by/4.0/This is an open access article under the terms of the http://creativecommons.org/licenses/by/4.0/ License, which permits use, distribution and reproduction in any medium, provided the original work is properly cited.","CANDIDATE_NOT_GOLD"
"CAND-G100-040","Sodium intake and urinary losses in children on dialysis: a European multicenter prospective study.","primary_observational","Pediatric nephrology (Berlin, Germany)","2023 Oct","36988689","","10.1007/s00467-023-05932-y","https://pubmed.ncbi.nlm.nih.gov/36988689/","","https://doi.org/10.1007/s00467-023-05932-y","UNCONFIRMED_OR_RESTRICTED","NOT_ARCHIVED","NOT_ARCHIVED","NOT_ARCHIVED","NOT_ARCHIVED","","","","CANDIDATE_NOT_GOLD"
"CAND-G100-041","Multiple measurements of the urinary sodium-to-potassium ratio strongly related home hypertension: TMM Cohort Study.","primary_observational","Hypertension research : official journal of the Japanese Society of Hypertension","2020 Jan","31562419","PMC8076007","10.1038/s41440-019-0335-2","https://pubmed.ncbi.nlm.nih.gov/31562419/","https://pmc.ncbi.nlm.nih.gov/articles/PMC8076007/","https://doi.org/10.1038/s41440-019-0335-2","PMC_AUTOMATED_BODY_RETRIEVAL_ALLOWED","NOT_ARCHIVED","NOT_ARCHIVED","NOT_ARCHIVED","NOT_ARCHIVED","","","https://creativecommons.org/licenses/by/4.0/Open Access This article is licensed under a Creative Commons Attribution 4.0 International License, which permits use, sharing, adaptation, distribution and reproduction in any medium or format, as long as you give appropriate credit to the original author(s) and the source, provide a link to the Creative Commons license, and indicate if changes were made. The images or other third party material in this article are included in the article’s Creative Commons license, unless indicated otherwise in a credit line to the material. If material is not included in the article’s Creative Commons license and your intended use is not permitted by statutory regulation or exceeds the permitted use, you will need to obtain permission directly from the copyright holder. To view a copy of this license, visit http://creativecommons.org/licenses/by/4.0/.","CANDIDATE_NOT_GOLD"
"CAND-G100-042","Healthy dietary patterns, genetic risk, and gastrointestinal cancer incident risk: a large-scale prospective cohort study.","primary_observational","The American journal of clinical nutrition","2024 Feb","38042409","","10.1016/j.ajcnut.2023.11.015","https://pubmed.ncbi.nlm.nih.gov/38042409/","","https://doi.org/10.1016/j.ajcnut.2023.11.015","UNCONFIRMED_OR_RESTRICTED","NOT_ARCHIVED","NOT_ARCHIVED","NOT_ARCHIVED","NOT_ARCHIVED","","","","CANDIDATE_NOT_GOLD"
"CAND-G100-043","Plant-based dietary patterns and age-specific risk of multimorbidity of cancer and cardiometabolic diseases: a prospective analysis.","primary_observational","The lancet. Healthy longevity","2025 Aug","40845891","PMC12408430","10.1016/j.lanhl.2025.100742","https://pubmed.ncbi.nlm.nih.gov/40845891/","https://pmc.ncbi.nlm.nih.gov/articles/PMC12408430/","https://doi.org/10.1016/j.lanhl.2025.100742","PMC_AUTOMATED_BODY_RETRIEVAL_ALLOWED","NOT_ARCHIVED","NOT_ARCHIVED","NOT_ARCHIVED","NOT_ARCHIVED","","","https://creativecommons.org/licenses/by-nc-nd/4.0/This is an open access article under the CC BY-NC-ND license (http://creativecommons.org/licenses/by-nc-nd/4.0/).","CANDIDATE_NOT_GOLD"
"CAND-G100-044","Inflammatory Dietary Patterns and Risk of Keratinocyte Cancers in Kidney Transplant Recipients: Prospective Cohort Study.","primary_observational","Dermatology (Basel, Switzerland)","2021","32966976","","10.1159/000509875","https://pubmed.ncbi.nlm.nih.gov/32966976/","","https://doi.org/10.1159/000509875","UNCONFIRMED_OR_RESTRICTED","NOT_ARCHIVED","NOT_ARCHIVED","NOT_ARCHIVED","NOT_ARCHIVED","","","","CANDIDATE_NOT_GOLD"
"CAND-G100-045","Mediterranean diet and associated metabolite signatures in relation to MASLD progression: A prospective cohort study.","primary_observational","Hepatology communications","2025 Sep 01","40879470","PMC12401285","10.1097/HC9.0000000000000791","https://pubmed.ncbi.nlm.nih.gov/40879470/","https://pmc.ncbi.nlm.nih.gov/articles/PMC12401285/","https://doi.org/10.1097/HC9.0000000000000791","PMC_AUTOMATED_BODY_RETRIEVAL_ALLOWED","NOT_ARCHIVED","NOT_ARCHIVED","NOT_ARCHIVED","NOT_ARCHIVED","","","https://creativecommons.org/licenses/by-nc-nd/4.0/This is an open access article distributed under the terms of the Creative Commons Attribution-Non Commercial-No Derivatives License 4.0 (CCBY-NC-ND), where it is permissible to download and share the work provided it is properly cited. The work cannot be changed in any way or used commercially without permission from the journal.","CANDIDATE_NOT_GOLD"
"CAND-G100-046","Mediterranean Diet versus Very Low-Calorie Ketogenic Diet: Effects of Reaching 5% Body Weight Loss on Body Composition in Subjects with Overweight and with Obesity-A Cohort Study.","primary_observational","International journal of environmental research and public health","2022 Oct 11","36293616","PMC9603454","10.3390/ijerph192013040","https://pubmed.ncbi.nlm.nih.gov/36293616/","https://pmc.ncbi.nlm.nih.gov/articles/PMC9603454/","https://doi.org/10.3390/ijerph192013040","PMC_AUTOMATED_BODY_RETRIEVAL_ALLOWED","NOT_ARCHIVED","NOT_ARCHIVED","NOT_ARCHIVED","NOT_ARCHIVED","","","https://creativecommons.org/licenses/by/4.0/Licensee MDPI, Basel, Switzerland. This article is an open access article distributed under the terms and conditions of the Creative Commons Attribution (CC BY) license (https://creativecommons.org/licenses/by/4.0/).","CANDIDATE_NOT_GOLD"
"CAND-G100-047","Intermittent fasting and weight loss: Systematic review.","evidence_synthesis","Canadian family physician Medecin de famille canadien","2020 Feb","32060194","PMC7021351","","https://pubmed.ncbi.nlm.nih.gov/32060194/","https://pmc.ncbi.nlm.nih.gov/articles/PMC7021351/","","UNCONFIRMED_OR_RESTRICTED","NOT_ARCHIVED","NOT_ARCHIVED","NOT_ARCHIVED","NOT_ARCHIVED","","","","CANDIDATE_NOT_GOLD"
"CAND-G100-048","Intermittent fasting strategies and their effects on body weight and other cardiometabolic risk factors: systematic review and network meta-analysis of randomised clinical trials.","evidence_synthesis","BMJ (Clinical research ed.)","2025 Jun 18","40533200","PMC12175170","10.1136/bmj-2024-082007","https://pubmed.ncbi.nlm.nih.gov/40533200/","https://pmc.ncbi.nlm.nih.gov/articles/PMC12175170/","https://doi.org/10.1136/bmj-2024-082007","PMC_AUTOMATED_BODY_RETRIEVAL_ALLOWED","NOT_ARCHIVED","NOT_ARCHIVED","NOT_ARCHIVED","NOT_ARCHIVED","","","https://creativecommons.org/licenses/by-nc/4.0/This is an Open Access article distributed in accordance with the Creative Commons Attribution Non Commercial (CC BY-NC 4.0) license, which permits others to distribute, remix, adapt, build upon this work non-commercially, and license their derivative works on different terms, provided the original work is properly cited and the use is non-commercial. See: http://creativecommons.org/licenses/by-nc/4.0/.","CANDIDATE_NOT_GOLD"
"CAND-G100-049","Intermittent Fasting: Does It Affect Sports Performance? A Systematic Review.","evidence_synthesis","Nutrients","2024 Jan 04","38201996","PMC10780856","10.3390/nu16010168","https://pubmed.ncbi.nlm.nih.gov/38201996/","https://pmc.ncbi.nlm.nih.gov/articles/PMC10780856/","https://doi.org/10.3390/nu16010168","PMC_AUTOMATED_BODY_RETRIEVAL_ALLOWED","NOT_ARCHIVED","NOT_ARCHIVED","NOT_ARCHIVED","NOT_ARCHIVED","","","https://creativecommons.org/licenses/by/4.0/Licensee MDPI, Basel, Switzerland. This article is an open access article distributed under the terms and conditions of the Creative Commons Attribution (CC BY) license (https://creativecommons.org/licenses/by/4.0/).","CANDIDATE_NOT_GOLD"
"CAND-G100-050","The effects of intermittent fasting on body composition and cardiometabolic health in adults with prediabetes or type 2 diabetes: A systematic review and meta-analysis.","evidence_synthesis","Diabetes, obesity & metabolism","2024 Sep","38956175","","10.1111/dom.15730","https://pubmed.ncbi.nlm.nih.gov/38956175/","","https://doi.org/10.1111/dom.15730","UNCONFIRMED_OR_RESTRICTED","NOT_ARCHIVED","NOT_ARCHIVED","NOT_ARCHIVED","NOT_ARCHIVED","","","","CANDIDATE_NOT_GOLD"
"CAND-G100-051","Dietary Approaches to Stop Hypertension (DASH) Diet and Blood Pressure Reduction in Adults with and without Hypertension: A Systematic Review and Meta-Analysis of Randomized Controlled Trials.","evidence_synthesis","Advances in nutrition (Bethesda, Md.)","2020 Sep 01","32330233","PMC7490167","10.1093/advances/nmaa041","https://pubmed.ncbi.nlm.nih.gov/32330233/","https://pmc.ncbi.nlm.nih.gov/articles/PMC7490167/","https://doi.org/10.1093/advances/nmaa041","UNCONFIRMED_OR_RESTRICTED","NOT_ARCHIVED","NOT_ARCHIVED","NOT_ARCHIVED","NOT_ARCHIVED","","","This article is published and distributed under the terms of the Oxford University Press, Standard Journals Publication Model (https://academic.oup.com/journals/pages/open_access/funder_policies/chorus/standard_publication_model)","CANDIDATE_NOT_GOLD"
"CAND-G100-052","Adherence to the DASH Diet and Risk of Hypertension: A Systematic Review and Meta-Analysis.","evidence_synthesis","Nutrients","2023 Jul 24","37513679","PMC10383418","10.3390/nu15143261","https://pubmed.ncbi.nlm.nih.gov/37513679/","https://pmc.ncbi.nlm.nih.gov/articles/PMC10383418/","https://doi.org/10.3390/nu15143261","PMC_AUTOMATED_BODY_RETRIEVAL_ALLOWED","NOT_ARCHIVED","NOT_ARCHIVED","NOT_ARCHIVED","NOT_ARCHIVED","","","https://creativecommons.org/licenses/by/4.0/Licensee MDPI, Basel, Switzerland. This article is an open access article distributed under the terms and conditions of the Creative Commons Attribution (CC BY) license (https://creativecommons.org/licenses/by/4.0/).","CANDIDATE_NOT_GOLD"
"CAND-G100-053","Mediterranean diet and female reproductive health over lifespan: a systematic review and meta-analysis.","evidence_synthesis","American journal of obstetrics and gynecology","2023 Dec","37506751","","10.1016/j.ajog.2023.05.030","https://pubmed.ncbi.nlm.nih.gov/37506751/","","https://doi.org/10.1016/j.ajog.2023.05.030","UNCONFIRMED_OR_RESTRICTED","NOT_ARCHIVED","NOT_ARCHIVED","NOT_ARCHIVED","NOT_ARCHIVED","","","","CANDIDATE_NOT_GOLD"
"CAND-G100-054","Effect of low glycaemic index or load dietary patterns on glycaemic control and cardiometabolic risk factors in diabetes: systematic review and meta-analysis of randomised controlled trials.","evidence_synthesis","BMJ (Clinical research ed.)","2021 Aug 04","34348965","PMC8336013","10.1136/bmj.n1651","https://pubmed.ncbi.nlm.nih.gov/34348965/","https://pmc.ncbi.nlm.nih.gov/articles/PMC8336013/","https://doi.org/10.1136/bmj.n1651","PMC_AUTOMATED_BODY_RETRIEVAL_ALLOWED","NOT_ARCHIVED","NOT_ARCHIVED","NOT_ARCHIVED","NOT_ARCHIVED","","","https://creativecommons.org/licenses/by-nc/4.0/This is an Open Access article distributed in accordance with the Creative Commons Attribution Non Commercial (CC BY-NC 4.0) license, which permits others to distribute, remix, adapt, build upon this work non-commercially, and license their derivative works on different terms, provided the original work is properly cited and the use is non-commercial. See: http://creativecommons.org/licenses/by-nc/4.0/.","CANDIDATE_NOT_GOLD"
"CAND-G100-055","Efficacy and safety of low and very low carbohydrate diets for type 2 diabetes remission: systematic review and meta-analysis of published and unpublished randomized trial data.","evidence_synthesis","BMJ (Clinical research ed.)","2021 Jan 13","33441384","PMC7804828","10.1136/bmj.m4743","https://pubmed.ncbi.nlm.nih.gov/33441384/","https://pmc.ncbi.nlm.nih.gov/articles/PMC7804828/","https://doi.org/10.1136/bmj.m4743","PMC_AUTOMATED_BODY_RETRIEVAL_ALLOWED","NOT_ARCHIVED","NOT_ARCHIVED","NOT_ARCHIVED","NOT_ARCHIVED","","","https://creativecommons.org/licenses/by-nc/4.0/This is an Open Access article distributed in accordance with the Creative Commons Attribution Non Commercial (CC BY-NC 4.0) license, which permits others to distribute, remix, adapt, build upon this work non-commercially, and license their derivative works on different terms, provided the original work is properly cited and the use is non-commercial. See: http://creativecommons.org/licenses/by-nc/4.0/.","CANDIDATE_NOT_GOLD"
"CAND-G100-056","Can Dietary Patterns Impact Fertility Outcomes? A Systematic Review and Meta-Analysis.","evidence_synthesis","Nutrients","2023 May 31","37299551","PMC10255613","10.3390/nu15112589","https://pubmed.ncbi.nlm.nih.gov/37299551/","https://pmc.ncbi.nlm.nih.gov/articles/PMC10255613/","https://doi.org/10.3390/nu15112589","PMC_AUTOMATED_BODY_RETRIEVAL_ALLOWED","NOT_ARCHIVED","NOT_ARCHIVED","NOT_ARCHIVED","NOT_ARCHIVED","","","https://creativecommons.org/licenses/by/4.0/Licensee MDPI, Basel, Switzerland. This article is an open access article distributed under the terms and conditions of the Creative Commons Attribution (CC BY) license (https://creativecommons.org/licenses/by/4.0/).","CANDIDATE_NOT_GOLD"
"CAND-G100-057","The Role of Diet in Prognosis among Cancer Survivors: A Systematic Review and Meta-Analysis of Dietary Patterns and Diet Interventions.","evidence_synthesis","Nutrients","2022 Jan 14","35057525","PMC8779048","10.3390/nu14020348","https://pubmed.ncbi.nlm.nih.gov/35057525/","https://pmc.ncbi.nlm.nih.gov/articles/PMC8779048/","https://doi.org/10.3390/nu14020348","PMC_AUTOMATED_BODY_RETRIEVAL_ALLOWED","NOT_ARCHIVED","NOT_ARCHIVED","NOT_ARCHIVED","NOT_ARCHIVED","","","https://creativecommons.org/licenses/by/4.0/Licensee MDPI, Basel, Switzerland. This article is an open access article distributed under the terms and conditions of the Creative Commons Attribution (CC BY) license (https://creativecommons.org/licenses/by/4.0/).","CANDIDATE_NOT_GOLD"
"CAND-G100-058","Systematic review and meta-analysis of protein intake to support muscle mass and function in healthy adults.","evidence_synthesis","Journal of cachexia, sarcopenia and muscle","2022 Apr","35187864","PMC8978023","10.1002/jcsm.12922","https://pubmed.ncbi.nlm.nih.gov/35187864/","https://pmc.ncbi.nlm.nih.gov/articles/PMC8978023/","https://doi.org/10.1002/jcsm.12922","PMC_AUTOMATED_BODY_RETRIEVAL_ALLOWED","NOT_ARCHIVED","NOT_ARCHIVED","NOT_ARCHIVED","NOT_ARCHIVED","","","https://creativecommons.org/licenses/by-nc-nd/4.0/This is an open access article under the terms of the http://creativecommons.org/licenses/by-nc-nd/4.0/ License, which permits use and distribution in any medium, provided the original work is properly cited, the use is non‐commercial and no modifications or adaptations are made.","CANDIDATE_NOT_GOLD"
"CAND-G100-059","Exercise for sarcopenia in older people: A systematic review and network meta-analysis.","evidence_synthesis","Journal of cachexia, sarcopenia and muscle","2023 Jun","37057640","PMC10235889","10.1002/jcsm.13225","https://pubmed.ncbi.nlm.nih.gov/37057640/","https://pmc.ncbi.nlm.nih.gov/articles/PMC10235889/","https://doi.org/10.1002/jcsm.13225","PMC_AUTOMATED_BODY_RETRIEVAL_ALLOWED","NOT_ARCHIVED","NOT_ARCHIVED","NOT_ARCHIVED","NOT_ARCHIVED","","","https://creativecommons.org/licenses/by-nc-nd/4.0/This is an open access article under the terms of the http://creativecommons.org/licenses/by-nc-nd/4.0/ License, which permits use and distribution in any medium, provided the original work is properly cited, the use is non‐commercial and no modifications or adaptations are made.","CANDIDATE_NOT_GOLD"
"CAND-G100-060","Effect of Plant Versus Animal Protein on Muscle Mass, Strength, Physical Performance, and Sarcopenia: A Systematic Review and Meta-analysis of Randomized Controlled Trials.","evidence_synthesis","Nutrition reviews","2025 Jul 01","39813010","PMC12166177","10.1093/nutrit/nuae200","https://pubmed.ncbi.nlm.nih.gov/39813010/","https://pmc.ncbi.nlm.nih.gov/articles/PMC12166177/","https://doi.org/10.1093/nutrit/nuae200","PMC_AUTOMATED_BODY_RETRIEVAL_ALLOWED","NOT_ARCHIVED","NOT_ARCHIVED","NOT_ARCHIVED","NOT_ARCHIVED","","","https://creativecommons.org/licenses/by/4.0/This is an Open Access article distributed under the terms of the Creative Commons Attribution License (https://creativecommons.org/licenses/by/4.0/), which permits unrestricted reuse, distribution, and reproduction in any medium, provided the original work is properly cited.","CANDIDATE_NOT_GOLD"
"CAND-G100-061","Association of food groups and dietary pattern with breast cancer risk: A systematic review and meta-analysis.","evidence_synthesis","Clinical nutrition (Edinburgh, Scotland)","2023 Mar","36731160","","10.1016/j.clnu.2023.01.003","https://pubmed.ncbi.nlm.nih.gov/36731160/","","https://doi.org/10.1016/j.clnu.2023.01.003","UNCONFIRMED_OR_RESTRICTED","NOT_ARCHIVED","NOT_ARCHIVED","NOT_ARCHIVED","NOT_ARCHIVED","","","","CANDIDATE_NOT_GOLD"
"CAND-G100-062","The effect of timing of enteral nutrition support on feeding outcomes and dysphagia in patients with head and neck cancer undergoing radiotherapy or chemoradiotherapy: A systematic review.","evidence_synthesis","Clinical nutrition ESPEN","2021 Aug","34330518","","10.1016/j.clnesp.2021.05.017","https://pubmed.ncbi.nlm.nih.gov/34330518/","","https://doi.org/10.1016/j.clnesp.2021.05.017","UNCONFIRMED_OR_RESTRICTED","NOT_ARCHIVED","NOT_ARCHIVED","NOT_ARCHIVED","NOT_ARCHIVED","","","","CANDIDATE_NOT_GOLD"
"CAND-G100-063","Conversion of Urine Protein-Creatinine Ratio or Urine Dipstick Protein to Urine Albumin-Creatinine Ratio for Use in Chronic Kidney Disease Screening and Prognosis : An Individual Participant-Based Meta-analysis.","evidence_synthesis","Annals of internal medicine","2020 Sep 15","32658569","PMC7780415","10.7326/M20-0529","https://pubmed.ncbi.nlm.nih.gov/32658569/","https://pmc.ncbi.nlm.nih.gov/articles/PMC7780415/","https://doi.org/10.7326/M20-0529","PMC_AUTOMATED_BODY_RETRIEVAL_ALLOWED","NOT_ARCHIVED","NOT_ARCHIVED","NOT_ARCHIVED","NOT_ARCHIVED","","","This file is available for text mining. It may also be used consistent with the principles of fair use under the copyright law.","CANDIDATE_NOT_GOLD"
"CAND-G100-064","Efficacy and safety of ketoanalogue supplementation combined with protein-restricted diets in advanced chronic kidney disease: a systematic review and meta-analysis.","evidence_synthesis","Journal of nephrology","2024 Nov","39340710","","10.1007/s40620-024-02065-9","https://pubmed.ncbi.nlm.nih.gov/39340710/","","https://doi.org/10.1007/s40620-024-02065-9","UNCONFIRMED_OR_RESTRICTED","NOT_ARCHIVED","NOT_ARCHIVED","NOT_ARCHIVED","NOT_ARCHIVED","","","","CANDIDATE_NOT_GOLD"
"CAND-G100-065","ESPEN practical guideline: Clinical Nutrition in cancer.","guideline_or_consensus","Clinical nutrition (Edinburgh, Scotland)","2021 May","33946039","","10.1016/j.clnu.2021.02.005","https://pubmed.ncbi.nlm.nih.gov/33946039/","","https://doi.org/10.1016/j.clnu.2021.02.005","UNCONFIRMED_OR_RESTRICTED","NOT_ARCHIVED","NOT_ARCHIVED","NOT_ARCHIVED","NOT_ARCHIVED","","","","CANDIDATE_NOT_GOLD"
"CAND-G100-066","ESPEN practical and partially revised guideline: Clinical nutrition in the intensive care unit.","guideline_or_consensus","Clinical nutrition (Edinburgh, Scotland)","2023 Sep","37517372","","10.1016/j.clnu.2023.07.011","https://pubmed.ncbi.nlm.nih.gov/37517372/","","https://doi.org/10.1016/j.clnu.2023.07.011","UNCONFIRMED_OR_RESTRICTED","NOT_ARCHIVED","NOT_ARCHIVED","NOT_ARCHIVED","NOT_ARCHIVED","","","","CANDIDATE_NOT_GOLD"
"CAND-G100-067","ESPEN guideline on clinical nutrition in surgery - Update 2025.","guideline_or_consensus","Clinical nutrition (Edinburgh, Scotland)","2025 Oct","40957230","","10.1016/j.clnu.2025.08.029","https://pubmed.ncbi.nlm.nih.gov/40957230/","","https://doi.org/10.1016/j.clnu.2025.08.029","UNCONFIRMED_OR_RESTRICTED","NOT_ARCHIVED","NOT_ARCHIVED","NOT_ARCHIVED","NOT_ARCHIVED","","","","CANDIDATE_NOT_GOLD"
"CAND-G100-068","ESPEN practical guideline on clinical nutrition in acute and chronic pancreatitis.","guideline_or_consensus","Clinical nutrition (Edinburgh, Scotland)","2024 Feb","38169174","","10.1016/j.clnu.2023.12.019","https://pubmed.ncbi.nlm.nih.gov/38169174/","","https://doi.org/10.1016/j.clnu.2023.12.019","UNCONFIRMED_OR_RESTRICTED","NOT_ARCHIVED","NOT_ARCHIVED","NOT_ARCHIVED","NOT_ARCHIVED","","","","CANDIDATE_NOT_GOLD"
"CAND-G100-069","ESPEN guideline on hospital nutrition.","guideline_or_consensus","Clinical nutrition (Edinburgh, Scotland)","2021 Dec","34742138","","10.1016/j.clnu.2021.09.039","https://pubmed.ncbi.nlm.nih.gov/34742138/","","https://doi.org/10.1016/j.clnu.2021.09.039","UNCONFIRMED_OR_RESTRICTED","NOT_ARCHIVED","NOT_ARCHIVED","NOT_ARCHIVED","NOT_ARCHIVED","","","","CANDIDATE_NOT_GOLD"
"CAND-G100-070","ESPEN micronutrient guideline.","guideline_or_consensus","Clinical nutrition (Edinburgh, Scotland)","2022 Jun","35365361","","10.1016/j.clnu.2022.02.015","https://pubmed.ncbi.nlm.nih.gov/35365361/","","https://doi.org/10.1016/j.clnu.2022.02.015","UNCONFIRMED_OR_RESTRICTED","NOT_ARCHIVED","NOT_ARCHIVED","NOT_ARCHIVED","NOT_ARCHIVED","","","","CANDIDATE_NOT_GOLD"
"CAND-G100-071","Medical Nutrition Therapy Interventions Provided by Dietitians for Adult Overweight and Obesity Management: An Academy of Nutrition and Dietetics Evidence-Based Practice Guideline.","guideline_or_consensus","Journal of the Academy of Nutrition and Dietetics","2023 Mar","36462613","PMC12646719","10.1016/j.jand.2022.11.014","https://pubmed.ncbi.nlm.nih.gov/36462613/","https://pmc.ncbi.nlm.nih.gov/articles/PMC12646719/","https://doi.org/10.1016/j.jand.2022.11.014","PMC_AUTOMATED_BODY_RETRIEVAL_ALLOWED","NOT_ARCHIVED","NOT_ARCHIVED","NOT_ARCHIVED","NOT_ARCHIVED","","","This file is available for text mining. It may also be used consistent with the principles of fair use under the copyright law.","CANDIDATE_NOT_GOLD"
"CAND-G100-072","ESPEN practical guideline on ethical aspects of medical nutrition therapy.","guideline_or_consensus","Clinical nutrition (Edinburgh, Scotland)","2026 May","41895152","","10.1016/j.clnu.2026.106622","https://pubmed.ncbi.nlm.nih.gov/41895152/","","https://doi.org/10.1016/j.clnu.2026.106622","UNCONFIRMED_OR_RESTRICTED","NOT_ARCHIVED","NOT_ARCHIVED","NOT_ARCHIVED","NOT_ARCHIVED","","","","CANDIDATE_NOT_GOLD"
"CAND-G100-073","ESPEN guideline on clinical nutrition in hospitalized patients with acute or chronic kidney disease.","guideline_or_consensus","Clinical nutrition (Edinburgh, Scotland)","2021 Apr","33640205","","10.1016/j.clnu.2021.01.028","https://pubmed.ncbi.nlm.nih.gov/33640205/","","https://doi.org/10.1016/j.clnu.2021.01.028","UNCONFIRMED_OR_RESTRICTED","NOT_ARCHIVED","NOT_ARCHIVED","NOT_ARCHIVED","NOT_ARCHIVED","","","","CANDIDATE_NOT_GOLD"
"CAND-G100-074","ESPEN practical guideline on clinical nutrition in hospitalized patients with acute or chronic kidney disease.","guideline_or_consensus","Clinical nutrition (Edinburgh, Scotland)","2024 Sep","39178492","","10.1016/j.clnu.2024.08.002","https://pubmed.ncbi.nlm.nih.gov/39178492/","","https://doi.org/10.1016/j.clnu.2024.08.002","UNCONFIRMED_OR_RESTRICTED","NOT_ARCHIVED","NOT_ARCHIVED","NOT_ARCHIVED","NOT_ARCHIVED","","","","CANDIDATE_NOT_GOLD"
"CAND-G100-075","Hyperglycaemic crises in adults with diabetes: a consensus report.","guideline_or_consensus","Diabetologia","2024 Aug","38907161","PMC11343900","10.1007/s00125-024-06183-8","https://pubmed.ncbi.nlm.nih.gov/38907161/","https://pmc.ncbi.nlm.nih.gov/articles/PMC11343900/","https://doi.org/10.1007/s00125-024-06183-8","PMC_AUTOMATED_BODY_RETRIEVAL_ALLOWED","NOT_ARCHIVED","NOT_ARCHIVED","NOT_ARCHIVED","ARCHIVED_DERIVED_TEXT_ONLY","paper_c/P0/g1_shared_p0_1/source_projections/CAND-G100-075_PMC11343900_PMC_body_CC-BY-4.0.md","0b08a8516f6c575bf2ceef76778ad8e03e94bc6d","https://creativecommons.org/licenses/by/4.0/ Open Access This article is licensed under a Creative Commons Attribution 4.0 International License, which permits use, sharing, adaptation, distribution and reproduction in any medium or format, as long as you give appropriate credit to the original author(s) and the source, provide a link to the Creative Commons licence, and indicate if changes were made. The images or other third party material in this article are included in the article's Creative Commons licence, unless indicated otherwise in a credit line to the material. If material is not included in the article's Creative Commons licence and your intended use is not permitted by statutory regulation or exceeds the permitted use, you will need to obtain permission directly from the copyright holder. To view a copy of this licence, visit http://creativecommons.org/licenses/by/4.0/.","CANDIDATE_NOT_GOLD"
"CAND-G100-076","Exercise/Physical Activity in Individuals with Type 2 Diabetes: A Consensus Statement from the American College of Sports Medicine.","guideline_or_consensus","Medicine and science in sports and exercise","2022 Feb 01","35029593","PMC8802999","10.1249/MSS.0000000000002800","https://pubmed.ncbi.nlm.nih.gov/35029593/","https://pmc.ncbi.nlm.nih.gov/articles/PMC8802999/","https://doi.org/10.1249/MSS.0000000000002800","PMC_AUTOMATED_BODY_RETRIEVAL_ALLOWED","NOT_ARCHIVED","NOT_ARCHIVED","NOT_ARCHIVED","NOT_ARCHIVED","","","This file is available for text mining. It may also be used consistent with the principles of fair use under the copyright law.","CANDIDATE_NOT_GOLD"
"CAND-G100-077","Safety of High-Dose Vitamin D Supplementation: Secondary Analysis of a Randomized Controlled Trial.","companion_or_secondary","The Journal of clinical endocrinology and metabolism","2020 Apr 01","31746327","","10.1210/clinem/dgz212","https://pubmed.ncbi.nlm.nih.gov/31746327/","","https://doi.org/10.1210/clinem/dgz212","UNCONFIRMED_OR_RESTRICTED","NOT_ARCHIVED","NOT_ARCHIVED","NOT_ARCHIVED","NOT_ARCHIVED","","","","CANDIDATE_NOT_GOLD"
"CAND-G100-078","Time-Restricted Eating and Sleep, Mood, and Quality of Life in Adults With Overweight or Obesity: A Secondary Analysis of a Randomized Clinical Trial.","companion_or_secondary","JAMA network open","2025 Jun 02","40560588","PMC12199060","10.1001/jamanetworkopen.2025.17268","https://pubmed.ncbi.nlm.nih.gov/40560588/","https://pmc.ncbi.nlm.nih.gov/articles/PMC12199060/","https://doi.org/10.1001/jamanetworkopen.2025.17268","PMC_AUTOMATED_BODY_RETRIEVAL_ALLOWED","NOT_ARCHIVED","NOT_ARCHIVED","NOT_ARCHIVED","NOT_ARCHIVED","","","https://creativecommons.org/licenses/by/4.0/This is an open access article distributed under the terms of the CC-BY License.","CANDIDATE_NOT_GOLD"
"CAND-G100-079","5-year follow-up of the randomised Diabetes Remission Clinical Trial (DiRECT) of continued support for weight loss maintenance in the UK: an extension study.","companion_or_secondary","The lancet. Diabetes & endocrinology","2024 Apr","38423026","","10.1016/S2213-8587(23)00385-6","https://pubmed.ncbi.nlm.nih.gov/38423026/","","https://doi.org/10.1016/S2213-8587(23)00385-6","UNCONFIRMED_OR_RESTRICTED","NOT_ARCHIVED","NOT_ARCHIVED","NOT_ARCHIVED","NOT_ARCHIVED","","","","CANDIDATE_NOT_GOLD"
"CAND-G100-080","Effects of 4:3 Intermittent Fasting on Eating Behaviors and Appetite Hormones: A Secondary Analysis of a 12-Month Behavioral Weight Loss Intervention.","companion_or_secondary","Nutrients","2025 Jul 21","40733010","PMC12298406","10.3390/nu17142385","https://pubmed.ncbi.nlm.nih.gov/40733010/","https://pmc.ncbi.nlm.nih.gov/articles/PMC12298406/","https://doi.org/10.3390/nu17142385","PMC_AUTOMATED_BODY_RETRIEVAL_ALLOWED","NOT_ARCHIVED","NOT_ARCHIVED","NOT_ARCHIVED","NOT_ARCHIVED","","","https://creativecommons.org/licenses/by/4.0/Licensee MDPI, Basel, Switzerland. This article is an open access article distributed under the terms and conditions of the Creative Commons Attribution (CC BY) license (https://creativecommons.org/licenses/by/4.0/).","CANDIDATE_NOT_GOLD"
"CAND-G100-081","Author Correction: Fasting mimicking diet cycles versus a Mediterranean diet and cardiometabolic risk in overweight and obese hypertensive subjects: a randomized clinical trial.","correction_republication_retraction_or_living_version","npj metabolic health and disease","2025 Sep 23","40987812","PMC12457591","10.1038/s44324-025-00084-z","https://pubmed.ncbi.nlm.nih.gov/40987812/","https://pmc.ncbi.nlm.nih.gov/articles/PMC12457591/","https://doi.org/10.1038/s44324-025-00084-z","PMC_AUTOMATED_BODY_RETRIEVAL_ALLOWED","NOT_ARCHIVED","NOT_ARCHIVED","NOT_ARCHIVED","ARCHIVED_DERIVED_TEXT_ONLY","paper_c/P0/g1_shared_p0_1/source_projections/CAND-G100-081_PMC12457591_PMC_body_CC-BY-4.0.md","498ed67727b31ddbef03729a230231f990a6432f","https://creativecommons.org/licenses/by/4.0/Open Access This article is licensed under a Creative Commons Attribution 4.0 International License, which permits use, sharing, adaptation, distribution and reproduction in any medium or format, as long as you give appropriate credit to the original author(s) and the source, provide a link to the Creative Commons licence, and indicate if changes were made. The images or other third party material in this article are included in the article’s Creative Commons licence, unless indicated otherwise in a credit line to the material. If material is not included in the article’s Creative Commons licence and your intended use is not permitted by statutory regulation or exceeds the permitted use, you will need to obtain permission directly from the copyright holder. To view a copy of this licence, visit http://creativecommons.org/licenses/by/4.0/.","CANDIDATE_NOT_GOLD"
"CAND-G100-082","Correction to: PKU dietary handbook to accompany PKU guidelines.","correction_republication_retraction_or_living_version","Orphanet journal of rare diseases","2020 Sep 01","32873338","PMC7465324","10.1186/s13023-020-01486-6","https://pubmed.ncbi.nlm.nih.gov/32873338/","https://pmc.ncbi.nlm.nih.gov/articles/PMC7465324/","https://doi.org/10.1186/s13023-020-01486-6","PMC_AUTOMATED_BODY_RETRIEVAL_ALLOWED","NOT_ARCHIVED","NOT_ARCHIVED","NOT_ARCHIVED","NOT_ARCHIVED","","","https://creativecommons.org/licenses/by/4.0/Open AccessThis article is licensed under a Creative Commons Attribution 4.0 International License, which permits use, sharing, adaptation, distribution and reproduction in any medium or format, as long as you give appropriate credit to the original author(s) and the source, provide a link to the Creative Commons licence, and indicate if changes were made. The images or other third party material in this article are included in the article's Creative Commons licence, unless indicated otherwise in a credit line to the material. If material is not included in the article's Creative Commons licence and your intended use is not permitted by statutory regulation or exceeds the permitted use, you will need to obtain permission directly from the copyright holder. To view a copy of this licence, visit http://creativecommons.org/licenses/by/4.0/. The Creative Commons Public Domain Dedication waiver (http://creativecommons.org/publicdomain/zero/1.0/) applies to the data made available in this article, unless otherwise stated in a credit line to the data.","CANDIDATE_NOT_GOLD"
"CAND-G100-083","Correction to: Cardiovascular-Kidney-Metabolic Health: A Presidential Advisory From the American Heart Association.","correction_republication_retraction_or_living_version","Circulation","2024 Mar 26","38527138","","10.1161/CIR.0000000000001241","https://pubmed.ncbi.nlm.nih.gov/38527138/","","https://doi.org/10.1161/CIR.0000000000001241","UNCONFIRMED_OR_RESTRICTED","NOT_ARCHIVED","NOT_ARCHIVED","NOT_ARCHIVED","NOT_ARCHIVED","","","","CANDIDATE_NOT_GOLD"
"CAND-G100-084","Management of paediatric ulcerative colitis, part 2: Acute severe colitis-An updated evidence-based consensus guideline from the European Society of Paediatric Gastroenterology, Hepatology and Nutrition and the European Crohn's and Colitis Organization.","correction_republication_retraction_or_living_version","Journal of pediatric gastroenterology and nutrition","2025 Sep","40528309","","10.1002/jpn3.70096","https://pubmed.ncbi.nlm.nih.gov/40528309/","","https://doi.org/10.1002/jpn3.70096","UNCONFIRMED_OR_RESTRICTED","NOT_ARCHIVED","NOT_ARCHIVED","NOT_ARCHIVED","NOT_ARCHIVED","","","","CANDIDATE_NOT_GOLD"
"CAND-G100-085","ESPEN guideline on chronic intestinal failure in adults - Update 2023.","correction_republication_retraction_or_living_version","Clinical nutrition (Edinburgh, Scotland)","2023 Oct","37639741","","10.1016/j.clnu.2023.07.019","https://pubmed.ncbi.nlm.nih.gov/37639741/","","https://doi.org/10.1016/j.clnu.2023.07.019","UNCONFIRMED_OR_RESTRICTED","NOT_ARCHIVED","NOT_ARCHIVED","NOT_ARCHIVED","NOT_ARCHIVED","","","","CANDIDATE_NOT_GOLD"
"CAND-G100-086","The Medical Management of Paediatric Crohn's Disease: an ECCO-ESPGHAN Guideline Update.","correction_republication_retraction_or_living_version","Journal of Crohn's & colitis","2021 Feb 01","33026087","","10.1093/ecco-jcc/jjaa161","https://pubmed.ncbi.nlm.nih.gov/33026087/","","https://doi.org/10.1093/ecco-jcc/jjaa161","UNCONFIRMED_OR_RESTRICTED","NOT_ARCHIVED","NOT_ARCHIVED","NOT_ARCHIVED","NOT_ARCHIVED","","","","CANDIDATE_NOT_GOLD"
"CAND-G100-087","Mediterranean diet as a strategy for preserving kidney function in patients with coronary heart disease with type 2 diabetes and obesity: a secondary analysis of CORDIOPREV randomized controlled trial.","study_identity_or_companion_dependency","Nutrition & diabetes","2024 May 16","38755195","PMC11099022","10.1038/s41387-024-00285-3","https://pubmed.ncbi.nlm.nih.gov/38755195/","https://pmc.ncbi.nlm.nih.gov/articles/PMC11099022/","https://doi.org/10.1038/s41387-024-00285-3","PMC_AUTOMATED_BODY_RETRIEVAL_ALLOWED","NOT_ARCHIVED","NOT_ARCHIVED","NOT_ARCHIVED","NOT_ARCHIVED","","","https://creativecommons.org/licenses/by/4.0/Open Access This article is licensed under a Creative Commons Attribution 4.0 International License, which permits use, sharing, adaptation, distribution and reproduction in any medium or format, as long as you give appropriate credit to the original author(s) and the source, provide a link to the Creative Commons licence, and indicate if changes were made. The images or other third party material in this article are included in the article’s Creative Commons licence, unless indicated otherwise in a credit line to the material. If material is not included in the article’s Creative Commons licence and your intended use is not permitted by statutory regulation or exceeds the permitted use, you will need to obtain permission directly from the copyright holder. To view a copy of this licence, visit http://creativecommons.org/licenses/by/4.0/.","CANDIDATE_NOT_GOLD"
"CAND-G100-088","Mediterranean Diet, Physical Activity, and Bone Health in Older Adults: A Secondary Analysis of a Randomized Clinical Trial.","study_identity_or_companion_dependency","JAMA network open","2025 Apr 01","40198072","PMC11979728","10.1001/jamanetworkopen.2025.3710","https://pubmed.ncbi.nlm.nih.gov/40198072/","https://pmc.ncbi.nlm.nih.gov/articles/PMC11979728/","https://doi.org/10.1001/jamanetworkopen.2025.3710","PMC_AUTOMATED_BODY_RETRIEVAL_ALLOWED","NOT_ARCHIVED","NOT_ARCHIVED","NOT_ARCHIVED","NOT_ARCHIVED","","","https://creativecommons.org/licenses/by/4.0/This is an open access article distributed under the terms of the CC-BY License.","CANDIDATE_NOT_GOLD"
"CAND-G100-089","Comparison of an Energy-Reduced Mediterranean Diet and Physical Activity Versus an Ad Libitum Mediterranean Diet in the Prevention of Type 2 Diabetes : A Secondary Analysis of a Randomized Controlled Trial.","study_identity_or_companion_dependency","Annals of internal medicine","2025 Oct","40854218","","10.7326/ANNALS-25-00388","https://pubmed.ncbi.nlm.nih.gov/40854218/","","https://doi.org/10.7326/ANNALS-25-00388","UNCONFIRMED_OR_RESTRICTED","NOT_ARCHIVED","NOT_ARCHIVED","NOT_ARCHIVED","NOT_ARCHIVED","","","","CANDIDATE_NOT_GOLD"
"CAND-G100-090","Effects of time-restricted eating and low-carbohydrate diet on psychosocial health and appetite in individuals with metabolic syndrome: A secondary analysis of a randomized controlled trial.","study_identity_or_companion_dependency","Clinical nutrition (Edinburgh, Scotland)","2024 Oct","39226719","","10.1016/j.clnu.2024.08.029","https://pubmed.ncbi.nlm.nih.gov/39226719/","","https://doi.org/10.1016/j.clnu.2024.08.029","UNCONFIRMED_OR_RESTRICTED","NOT_ARCHIVED","NOT_ARCHIVED","NOT_ARCHIVED","NOT_ARCHIVED","","","","CANDIDATE_NOT_GOLD"
"CAND-G100-091","Calorie Restriction with or without Time-Restricted Eating in Weight Loss.","conflicting_evidence","The New England journal of medicine","2022 Apr 21","35443107","","10.1056/NEJMoa2114833","https://pubmed.ncbi.nlm.nih.gov/35443107/","","https://doi.org/10.1056/NEJMoa2114833","UNCONFIRMED_OR_RESTRICTED","NOT_ARCHIVED","NOT_ARCHIVED","NOT_ARCHIVED","NOT_ARCHIVED","","","","CANDIDATE_NOT_GOLD"
"CAND-G100-092","Effect of Isocaloric, Time-Restricted Eating on Body Weight in Adults With Obesity : A Randomized Controlled Trial.","conflicting_evidence","Annals of internal medicine","2024 May","38639542","","10.7326/M23-3132","https://pubmed.ncbi.nlm.nih.gov/38639542/","","https://doi.org/10.7326/M23-3132","UNCONFIRMED_OR_RESTRICTED","NOT_ARCHIVED","NOT_ARCHIVED","NOT_ARCHIVED","NOT_ARCHIVED","","","","CANDIDATE_NOT_GOLD"
"CAND-G100-093","Intermittent fasting plus early time-restricted eating versus calorie restriction and standard care in adults at risk of type 2 diabetes: a randomized controlled trial.","conflicting_evidence","Nature medicine","2023 Apr","37024596","","10.1038/s41591-023-02287-7","https://pubmed.ncbi.nlm.nih.gov/37024596/","","https://doi.org/10.1038/s41591-023-02287-7","UNCONFIRMED_OR_RESTRICTED","NOT_ARCHIVED","NOT_ARCHIVED","NOT_ARCHIVED","NOT_ARCHIVED","","","","CANDIDATE_NOT_GOLD"
"CAND-G100-094","A 5:2 Intermittent Fasting Meal Replacement Diet and Glycemic Control for Adults With Diabetes: The EARLY Randomized Clinical Trial.","conflicting_evidence","JAMA network open","2024 Jun 03","38904963","PMC11193124","10.1001/jamanetworkopen.2024.16786","https://pubmed.ncbi.nlm.nih.gov/38904963/","https://pmc.ncbi.nlm.nih.gov/articles/PMC11193124/","https://doi.org/10.1001/jamanetworkopen.2024.16786","PMC_AUTOMATED_BODY_RETRIEVAL_ALLOWED","NOT_ARCHIVED","NOT_ARCHIVED","NOT_ARCHIVED","NOT_ARCHIVED","","","https://creativecommons.org/licenses/by/4.0/This is an open access article distributed under the terms of the CC-BY License.","CANDIDATE_NOT_GOLD"
"CAND-G100-095","Definition and Diagnostic Criteria for Sarcopenic Obesity: ESPEN and EASO Consensus Statement.","recommendation_exception_or_normative_boundary","Obesity facts","2022","35196654","PMC9210010","10.1159/000521241","https://pubmed.ncbi.nlm.nih.gov/35196654/","https://pmc.ncbi.nlm.nih.gov/articles/PMC9210010/","https://doi.org/10.1159/000521241","UNCONFIRMED_OR_RESTRICTED","NOT_ARCHIVED","NOT_ARCHIVED","NOT_ARCHIVED","NOT_ARCHIVED","","","","CANDIDATE_NOT_GOLD"
"CAND-G100-096","Expert consensus statements and summary of proceedings from the International Safety and Quality of Parenteral Nutrition Summit.","recommendation_exception_or_normative_boundary","American journal of health-system pharmacy : AJHP : official journal of the American Society of Health-System Pharmacists","2024 Jun 13","38869255","PMC11170495","10.1093/ajhp/zxae078","https://pubmed.ncbi.nlm.nih.gov/38869255/","https://pmc.ncbi.nlm.nih.gov/articles/PMC11170495/","https://doi.org/10.1093/ajhp/zxae078","PMC_AUTOMATED_BODY_RETRIEVAL_ALLOWED","NOT_ARCHIVED","NOT_ARCHIVED","NOT_ARCHIVED","NOT_ARCHIVED","","","https://creativecommons.org/licenses/by-nc-nd/4.0/This is an Open Access article distributed under the terms of the Creative Commons Attribution-NonCommercial-NoDerivs licence (https://creativecommons.org/licenses/by-nc-nd/4.0/), which permits non-commercial reproduction and distribution of the work, in any medium, provided the original work is not altered or transformed in any way, and that the work is properly cited. For commercial re-use, please contact journals.permissions@oup.com","CANDIDATE_NOT_GOLD"
"CAND-G100-097","ESPEN guideline on nutrition and hydration in dementia - Update 2024.","temporal_cutoff_sensitive","Clinical nutrition (Edinburgh, Scotland)","2024 Jun","38772068","","10.1016/j.clnu.2024.04.039","https://pubmed.ncbi.nlm.nih.gov/38772068/","","https://doi.org/10.1016/j.clnu.2024.04.039","UNCONFIRMED_OR_RESTRICTED","NOT_ARCHIVED","NOT_ARCHIVED","NOT_ARCHIVED","NOT_ARCHIVED","","","","CANDIDATE_NOT_GOLD"
"CAND-G100-098","Management of paediatric ulcerative colitis, part 1: Ambulatory care-An updated evidence-based consensus guideline from the European Society of Paediatric Gastroenterology, Hepatology and Nutrition and the European Crohn's and Colitis Organisation.","temporal_cutoff_sensitive","Journal of pediatric gastroenterology and nutrition","2025 Sep","40677018","PMC12408984","10.1002/jpn3.70097","https://pubmed.ncbi.nlm.nih.gov/40677018/","https://pmc.ncbi.nlm.nih.gov/articles/PMC12408984/","https://doi.org/10.1002/jpn3.70097","PMC_AUTOMATED_BODY_RETRIEVAL_ALLOWED","NOT_ARCHIVED","NOT_ARCHIVED","NOT_ARCHIVED","NOT_ARCHIVED","","","https://creativecommons.org/licenses/by-nc-nd/4.0/This is an open access article under the terms of the http://creativecommons.org/licenses/by-nc-nd/4.0/ License, which permits use and distribution in any medium, provided the original work is properly cited, the use is non‐commercial and no modifications or adaptations are made.","CANDIDATE_NOT_GOLD"
"CAND-G100-099","Cardiometabolic health improvements upon dietary intervention are driven by tissue-specific insulin resistance phenotype: A precision nutrition trial.","incomplete_or_missing_source_text","Cell metabolism","2023 Jan 03","36599304","","10.1016/j.cmet.2022.12.002","https://pubmed.ncbi.nlm.nih.gov/36599304/","","https://doi.org/10.1016/j.cmet.2022.12.002","UNCONFIRMED_OR_RESTRICTED","NOT_ARCHIVED","NOT_ARCHIVED","NOT_ARCHIVED","NOT_ARCHIVED","","","","CANDIDATE_NOT_GOLD"
"CAND-G100-100","Short-term intermittent fasting and energy restriction do not impair rates of muscle protein synthesis: A randomised, controlled dietary intervention.","incomplete_or_missing_source_text","Clinical nutrition (Edinburgh, Scotland)","2024 Nov","39418832","","10.1016/j.clnu.2024.09.034","https://pubmed.ncbi.nlm.nih.gov/39418832/","","https://doi.org/10.1016/j.clnu.2024.09.034","UNCONFIRMED_OR_RESTRICTED","NOT_ARCHIVED","NOT_ARCHIVED","NOT_ARCHIVED","NOT_ARCHIVED","","","","CANDIDATE_NOT_GOLD"
