source_id,batch,priority,source_type,study_stratum,title,journal,publication_date,PMID,PMCID,DOI,file_name,relative_pdf_path,vault_relative_path,reported_size_bytes,reported_SHA256,acquisition_channel,user_reported_integrity,independently_verified,publisher_native_verified,pubmed_url
"CAND-G100-001","INITIAL_100","INITIAL_BATCH_UNPRIORITIZED","primary_interventional","primary_interventional","Time-Restricted Eating in Adults With Metabolic Syndrome : A Randomized Controlled Trial.","Annals of internal medicine","2024 Nov","39348690","PMC11929607","10.7326/M24-0859","CAND-G100-001_39348690.pdf","pdfs/CAND-G100-001_39348690.pdf","sources/CAND-G100-001/originals/source.pdf","572111","095806bb51bde787a0b89a4aefc6bd828ff9a9a874801e2273e6809c0522d70b","PMC_FULLTEXT_RENDER","USER_ATTESTED","NO","NOT_VERIFIED","https://pubmed.ncbi.nlm.nih.gov/39348690/"
"CAND-G100-002","INITIAL_100","INITIAL_BATCH_UNPRIORITIZED","primary_interventional","primary_interventional","Effects of Time-Restricted Eating on Weight Loss and Other Metabolic Parameters in Women and Men With Overweight and Obesity: The TREAT Randomized Clinical Trial.","JAMA internal medicine","2020 Nov 01","32986097","PMC7522780","10.1001/jamainternmed.2020.4153","CAND-G100-002_32986097.pdf","pdfs/CAND-G100-002_32986097.pdf","sources/CAND-G100-002/originals/source.pdf","1722075","888c01a6326f660415f18882e1c7499f607a8a8510c32bc6ddef1e4a79cb8cd2","PMC_FULLTEXT_RENDER","USER_ATTESTED","NO","NOT_VERIFIED","https://pubmed.ncbi.nlm.nih.gov/32986097/"
"CAND-G100-003","INITIAL_100","INITIAL_BATCH_UNPRIORITIZED","primary_interventional","primary_interventional","Time-restricted eating with or without low-carbohydrate diet reduces visceral fat and improves metabolic syndrome: A randomized trial.","Cell reports. Medicine","2022 Oct 18","36220069","PMC9589024","10.1016/j.xcrm.2022.100777","CAND-G100-003_36220069.pdf","pdfs/CAND-G100-003_36220069.pdf","sources/CAND-G100-003/originals/source.pdf","1674265","c5b7c1848957f335bd2ce777b62ef00edd7c7cec78f955dec4677044321b53db","PMC_FULLTEXT_RENDER","USER_ATTESTED","NO","NOT_VERIFIED","https://pubmed.ncbi.nlm.nih.gov/36220069/"
"CAND-G100-004","INITIAL_100","INITIAL_BATCH_UNPRIORITIZED","primary_interventional","primary_interventional","Randomized controlled trial for time-restricted eating in healthy volunteers without obesity.","Nature communications","2022 Feb 22","35194047","PMC8864028","10.1038/s41467-022-28662-5","CAND-G100-004_35194047.pdf","pdfs/CAND-G100-004_35194047.pdf","sources/CAND-G100-004/originals/source.pdf","946747","b505d4afae1ab346a7d9d411dedbb81312ab9a66cb1e3d1bcb500bc8fbc6cfcf","PRE_EXISTING","USER_ATTESTED","NO","NOT_VERIFIED","https://pubmed.ncbi.nlm.nih.gov/35194047/"
"CAND-G100-005","INITIAL_100","INITIAL_BATCH_UNPRIORITIZED","primary_interventional","primary_interventional","Effect of Time-Restricted Eating on Weight Loss in Adults With Type 2 Diabetes: A Randomized Clinical Trial.","JAMA network open","2023 Oct 02","37889487","PMC10611992","10.1001/jamanetworkopen.2023.39337","CAND-G100-005_37889487.pdf","pdfs/CAND-G100-005_37889487.pdf","sources/CAND-G100-005/originals/source.pdf","643076","79b2c57a4e16f7e5a3f2bb284ddcc82ed05dc1e816a3999bf5ee80b932137fc7","PMC_FULLTEXT_RENDER","USER_ATTESTED","NO","NOT_VERIFIED","https://pubmed.ncbi.nlm.nih.gov/37889487/"
"CAND-G100-006","INITIAL_100","INITIAL_BATCH_UNPRIORITIZED","primary_interventional","primary_interventional","Effects of DASH diet with or without time-restricted eating in the management of stage 1 primary hypertension: a randomized controlled trial.","Nutrition journal","2024 Jun 17","38886740","PMC11181626","10.1186/s12937-024-00967-9","CAND-G100-006_38886740.pdf","pdfs/CAND-G100-006_38886740.pdf","sources/CAND-G100-006/originals/source.pdf","3029893","6a113a208dcf3bbf13990bf5cd0fd80118c381f16adece761e1a1c986c27bde5","PRE_EXISTING","USER_ATTESTED","NO","NOT_VERIFIED","https://pubmed.ncbi.nlm.nih.gov/38886740/"
"CAND-G100-007","INITIAL_100","INITIAL_BATCH_UNPRIORITIZED","primary_interventional","primary_interventional","Long-term secondary prevention of cardiovascular disease with a Mediterranean diet and a low-fat diet (CORDIOPREV): a randomised controlled trial.","Lancet (London, England)","2022 May 14","35525255","","10.1016/S0140-6736(22)00122-2","CAND-G100-007_35525255.pdf","pdfs/CAND-G100-007_35525255.pdf","sources/CAND-G100-007/originals/source.pdf","948656","e1b83bbb248e467a865feac4f1882b06f59f5cf785abb576ab3566f67bcd3f44","AUTHENTICATED_CHROME_BROWSER","USER_ATTESTED","NO","NOT_VERIFIED","https://pubmed.ncbi.nlm.nih.gov/35525255/"
"CAND-G100-009","INITIAL_100","INITIAL_BATCH_UNPRIORITIZED","primary_interventional","primary_interventional","Effects of a low-carbohydrate diet on insulin-resistant dyslipoproteinemia-a randomized controlled feeding trial.","The American journal of clinical nutrition","2022 Jan 11","34582545","PMC8755039","10.1093/ajcn/nqab287","CAND-G100-009_34582545.pdf","pdfs/CAND-G100-009_34582545.pdf","sources/CAND-G100-009/originals/source.pdf","894601","ccd66db6d318177a57dbd21f72dd7bdfc1b983b6a82d47b860c316bdba47a57d","PMC_FULLTEXT_RENDER","USER_ATTESTED","NO","NOT_VERIFIED","https://pubmed.ncbi.nlm.nih.gov/34582545/"
"CAND-G100-010","INITIAL_100","INITIAL_BATCH_UNPRIORITIZED","primary_interventional","primary_interventional","Effects of a Low-Carbohydrate Dietary Intervention on Hemoglobin A1c: A Randomized Clinical Trial.","JAMA network open","2022 Oct 03","36287562","PMC9606840","10.1001/jamanetworkopen.2022.38645","CAND-G100-010_36287562.pdf","pdfs/CAND-G100-010_36287562.pdf","sources/CAND-G100-010/originals/source.pdf","32157287","ceea04ce1a7c13a95a170f3548ed3926ad6dd49599bd730fb58bc9c02711d16e","PMC_OFFICIAL_POW","USER_ATTESTED","NO","NOT_VERIFIED","https://pubmed.ncbi.nlm.nih.gov/36287562/"
"CAND-G100-011","INITIAL_100","INITIAL_BATCH_UNPRIORITIZED","primary_interventional","primary_interventional","Low-carbohydrate vegan diets in diabetes for weight loss and sustainability: a randomized controlled trial.","The American journal of clinical nutrition","2022 Nov","36156115","","10.1093/ajcn/nqac203","CAND-G100-011_36156115.pdf","pdfs/CAND-G100-011_36156115.pdf","sources/CAND-G100-011/originals/source.pdf","1421093","b3918dd2b71011775cd5c5a53cf8b0174b4d4fb599952e2e2c51e89592b2bb4d","ZOTERO_NUTRITION_COLLECTION","USER_ATTESTED","NO","NOT_VERIFIED","https://pubmed.ncbi.nlm.nih.gov/36156115/"
"CAND-G100-012","INITIAL_100","INITIAL_BATCH_UNPRIORITIZED","primary_interventional","primary_interventional","The effect of dietary approaches to stop hypertension (DASH) diet on fatty liver and cardiovascular risk factors in subjects with metabolic syndrome: a randomized controlled trial.","BMC endocrine disorders","2024 Jul 25","39054440","PMC11270781","10.1186/s12902-024-01661-x","CAND-G100-012_39054440.pdf","pdfs/CAND-G100-012_39054440.pdf","sources/CAND-G100-012/originals/source.pdf","921835","3eb64235faaf8459d2b0808756118a80988b024c5ceb4339a140e2f8489ab090","PRE_EXISTING","USER_ATTESTED","NO","NOT_VERIFIED","https://pubmed.ncbi.nlm.nih.gov/39054440/"
"CAND-G100-013","INITIAL_100","INITIAL_BATCH_UNPRIORITIZED","primary_interventional","primary_interventional","DASH vs. Mediterranean diet on a salt restriction background in adults with high normal blood pressure or grade 1 hypertension: A randomized controlled trial.","Clinical nutrition (Edinburgh, Scotland)","2023 Oct","37625311","","10.1016/j.clnu.2023.08.011","CAND-G100-013_37625311.pdf","pdfs/CAND-G100-013_37625311.pdf","sources/CAND-G100-013/originals/source.pdf","1010903","eabefbfaf086dd19feb44b1a925ceb96c9e3cb0b66a94c3910ee3aebfd03158f","AUTHENTICATED_CHROME_BROWSER","USER_ATTESTED","NO","NOT_VERIFIED","https://pubmed.ncbi.nlm.nih.gov/37625311/"
"CAND-G100-014","INITIAL_100","INITIAL_BATCH_UNPRIORITIZED","primary_interventional","primary_interventional","Development of a Health Behavioral Digital Intervention for Patients With Hypertension Based on an Intelligent Health Promotion System and WeChat: Randomized Controlled Trial.","JMIR mHealth and uHealth","2024 Apr 05","38578692","PMC11031705","10.2196/53006","CAND-G100-014_38578692.pdf","pdfs/CAND-G100-014_38578692.pdf","sources/CAND-G100-014/originals/source.pdf","3075005","7c8c027911342959b137788c4efff119663a75d47a423d139bf82fb44dc8da0c","PRE_EXISTING","USER_ATTESTED","NO","NOT_VERIFIED","https://pubmed.ncbi.nlm.nih.gov/38578692/"
"CAND-G100-015","INITIAL_100","INITIAL_BATCH_UNPRIORITIZED","primary_interventional","primary_interventional","Effect of a ketogenic diet versus Mediterranean diet on glycated hemoglobin in individuals with prediabetes and type 2 diabetes mellitus: The interventional Keto-Med randomized crossover trial.","The American journal of clinical nutrition","2022 Sep 02","35641199","PMC9437985","10.1093/ajcn/nqac154","CAND-G100-015_35641199.pdf","pdfs/CAND-G100-015_35641199.pdf","sources/CAND-G100-015/originals/source.pdf","1081877","59deecb6576b1228dba5eabf04eb8ec6152221ed166a97e89d1d3e2330bf6b3e","PMC_FULLTEXT_RENDER","USER_ATTESTED","NO","NOT_VERIFIED","https://pubmed.ncbi.nlm.nih.gov/35641199/"
"CAND-G100-016","INITIAL_100","INITIAL_BATCH_UNPRIORITIZED","primary_interventional","primary_interventional","A Randomized Trial Comparing the Specific Carbohydrate Diet to a Mediterranean Diet in Adults With Crohn's Disease.","Gastroenterology","2021 Sep","34052278","PMC8396394","10.1053/j.gastro.2021.05.047","CAND-G100-016_34052278.pdf","pdfs/CAND-G100-016_34052278.pdf","sources/CAND-G100-016/originals/source.pdf","1751746","cef4174f9d4a40a99d0dda889c35b7f5e81429ea199d183909b2671c9d66f264","PMC_FULLTEXT_RENDER","USER_ATTESTED","NO","NOT_VERIFIED","https://pubmed.ncbi.nlm.nih.gov/34052278/"
"CAND-G100-017","INITIAL_100","INITIAL_BATCH_UNPRIORITIZED","primary_interventional","primary_interventional","Mediterranean Diet and Patients With Psoriasis: The MEDIPSO Randomized Clinical Trial.","JAMA dermatology","2025 Dec 01","40991259","PMC12461594","10.1001/jamadermatol.2025.3410","CAND-G100-017_40991259.pdf","pdfs/CAND-G100-017_40991259.pdf","sources/CAND-G100-017/originals/source.pdf","740521","0a36b0f64da35c35e02e9553ba408b12448270545563e904f4cac05dcb9c652f","PMC_FULLTEXT_RENDER","USER_ATTESTED","NO","NOT_VERIFIED","https://pubmed.ncbi.nlm.nih.gov/40991259/"
"CAND-G100-018","INITIAL_100","INITIAL_BATCH_UNPRIORITIZED","primary_interventional","primary_interventional","Effect of green-Mediterranean diet on intrahepatic fat: the DIRECT PLUS randomised controlled trial.","Gut","2021 Nov","33461965","PMC8515100","10.1136/gutjnl-2020-323106","CAND-G100-018_33461965.pdf","pdfs/CAND-G100-018_33461965.pdf","sources/CAND-G100-018/originals/source.pdf","2064278","b266b7ba056625432dba71282fb28ffe82f0b353002a0fe1179e768970f1bac9","PRE_EXISTING","USER_ATTESTED","NO","NOT_VERIFIED","https://pubmed.ncbi.nlm.nih.gov/33461965/"
"CAND-G100-019","INITIAL_100","INITIAL_BATCH_UNPRIORITIZED","primary_interventional","primary_interventional","An AI-Powered Lifestyle Intervention vs Human Coaching in the Diabetes Prevention Program: A Randomized Clinical Trial.","JAMA","2025 Dec 16","41144242","PMC12560030","10.1001/jama.2025.19563","CAND-G100-019_41144242.pdf","pdfs/CAND-G100-019_41144242.pdf","sources/CAND-G100-019/originals/source.pdf","1919488","03677eecc51719f2f61fccca2464f3b20e47cbfa9ffabde3638b5d6c2ee308ee","PMC_OFFICIAL_POW","USER_ATTESTED","NO","NOT_VERIFIED","https://pubmed.ncbi.nlm.nih.gov/41144242/"
"CAND-G100-020","INITIAL_100","INITIAL_BATCH_UNPRIORITIZED","primary_interventional","primary_interventional","Different Effects of Lifestyle Intervention in High- and Low-Risk Prediabetes: Results of the Randomized Controlled Prediabetes Lifestyle Intervention Study (PLIS).","Diabetes","2021 Dec","34531293","","10.2337/db21-0526","CAND-G100-020_34531293.pdf","pdfs/CAND-G100-020_34531293.pdf","sources/CAND-G100-020/originals/source.pdf","1384777","47b11aac25140e30728ba265d3dd3f27a56c2d756bcf1942aad5d0a0466381fe","PRE_EXISTING","USER_ATTESTED","NO","NOT_VERIFIED","https://pubmed.ncbi.nlm.nih.gov/34531293/"
"CAND-G100-021","INITIAL_100","INITIAL_BATCH_UNPRIORITIZED","primary_interventional","primary_interventional","Effects of personalized diets by prediction of glycemic responses on glycemic control and metabolic health in newly diagnosed T2DM: a randomized dietary intervention pilot trial.","BMC medicine","2022 Feb 09","35135549","PMC8826661","10.1186/s12916-022-02254-y","CAND-G100-021_35135549.pdf","pdfs/CAND-G100-021_35135549.pdf","sources/CAND-G100-021/originals/source.pdf","2903413","bc3b7c9c12f4db4f15373c1ca13374d26e5f6ab514109c8b6718f3d2fec5b457","PRE_EXISTING","USER_ATTESTED","NO","NOT_VERIFIED","https://pubmed.ncbi.nlm.nih.gov/35135549/"
"CAND-G100-022","INITIAL_100","INITIAL_BATCH_UNPRIORITIZED","primary_interventional","primary_interventional","The effect of daily protein supplementation, with or without resistance training for 1 year, on muscle size, strength, and function in healthy older adults: A randomized controlled trial.","The American journal of clinical nutrition","2021 Apr 06","33564844","","10.1093/ajcn/nqaa372","CAND-G100-022_33564844.pdf","pdfs/CAND-G100-022_33564844.pdf","sources/CAND-G100-022/originals/source.pdf","1325024","d3711920789e5e523e26691fb5087a296b31626a61d4116647c4c7730856204a","PRE_EXISTING","USER_ATTESTED","NO","NOT_VERIFIED","https://pubmed.ncbi.nlm.nih.gov/33564844/"
"CAND-G100-023","INITIAL_100","INITIAL_BATCH_UNPRIORITIZED","primary_interventional","primary_interventional","De-Training Effects Following Leucine-Enriched Whey Protein Supplementation and Resistance Training in Older Adults with Sarcopenia: A Randomized Controlled Trial with 24 Weeks of Follow-Up.","The journal of nutrition, health & aging","2022","36437767","","10.1007/s12603-022-1853-1","CAND-G100-023_36437767.pdf","pdfs/CAND-G100-023_36437767.pdf","sources/CAND-G100-023/originals/source.pdf","744237","afc0a2add785819b32aff3f43b952391fa9113549e0a3f85f9e8b12edcab68ea","ZOTERO_NUTRITION_COLLECTION","USER_ATTESTED","NO","NOT_VERIFIED","https://pubmed.ncbi.nlm.nih.gov/36437767/"
"CAND-G100-024","INITIAL_100","INITIAL_BATCH_UNPRIORITIZED","primary_interventional","primary_interventional","The effects of whey, pea, and collagen protein supplementation beyond the recommended dietary allowance on integrated myofibrillar protein synthetic rates in older males: a randomized controlled trial.","The American journal of clinical nutrition","2024 Jul","38762187","PMC11291473","10.1016/j.ajcnut.2024.05.009","CAND-G100-024_38762187.pdf","pdfs/CAND-G100-024_38762187.pdf","sources/CAND-G100-024/originals/source.pdf","2094976","caacf99068b97ddd68d380a6be70f3d266e861a032feaa8e66c1166d5c970371","PMC_FULLTEXT_RENDER","USER_ATTESTED","NO","NOT_VERIFIED","https://pubmed.ncbi.nlm.nih.gov/38762187/"
"CAND-G100-025","INITIAL_100","INITIAL_BATCH_UNPRIORITIZED","primary_interventional","primary_interventional","Effects of an Exercise and Nutritional Intervention on Circulating Biomarkers and Metabolomic Profiling During Adjuvant Treatment for Localized Breast Cancer: Results From the PASAPAS Feasibility Randomized Controlled Trial.","Integrative cancer therapies","2021","33655799","PMC7934026","10.1177/1534735420977666","CAND-G100-025_33655799.pdf","pdfs/CAND-G100-025_33655799.pdf","sources/CAND-G100-025/originals/source.pdf","802839","aa2a74d89f74632facca5bd18c858ed44dcde2f2c51053c15d3653e75cd23fe3","PMC_FULLTEXT_RENDER","USER_ATTESTED","NO","NOT_VERIFIED","https://pubmed.ncbi.nlm.nih.gov/33655799/"
"CAND-G100-026","INITIAL_100","INITIAL_BATCH_UNPRIORITIZED","primary_interventional","primary_interventional","Effect of Early Peripheral Parenteral Nutrition Support in an Enhanced Recovery Program for Colorectal Cancer Surgery: A Randomized Open Trial.","Journal of clinical medicine","2021 Aug 18","34441942","PMC8396922","10.3390/jcm10163647","CAND-G100-026_34441942.pdf","pdfs/CAND-G100-026_34441942.pdf","sources/CAND-G100-026/originals/source.pdf","878899","0285fa2ffcdd77f1352aa4beb122d2891092f099664d15a5f3297726dced7256","PMC_FULLTEXT_RENDER","USER_ATTESTED","NO","NOT_VERIFIED","https://pubmed.ncbi.nlm.nih.gov/34441942/"
"CAND-G100-027","INITIAL_100","INITIAL_BATCH_UNPRIORITIZED","primary_interventional","primary_interventional","A population health dietary intervention for African American adults with chronic kidney disease: The Fruit and Veggies for Kidney Health randomized study.","Contemporary clinical trials communications","2020 Mar","32090186","PMC7026290","10.1016/j.conctc.2020.100540","CAND-G100-027_32090186.pdf","pdfs/CAND-G100-027_32090186.pdf","sources/CAND-G100-027/originals/source.pdf","834329","b3d5575d2d4168c561f8ae9b2b47c07d0a3c56278d72cc5d07a322ebed9afab4","PMC_FULLTEXT_RENDER","USER_ATTESTED","NO","NOT_VERIFIED","https://pubmed.ncbi.nlm.nih.gov/32090186/"
"CAND-G100-028","INITIAL_100","INITIAL_BATCH_UNPRIORITIZED","primary_interventional","primary_interventional","Effect of essential amino acid кetoanalogues and protein restriction diet on morphogenetic proteins (FGF-23 and Кlotho) in 3b-4 stages chronic кidney disease patients: a randomized pilot study.","Clinical and experimental nephrology","2018 Dec","29948444","","10.1007/s10157-018-1591-1","CAND-G100-028_29948444.pdf","pdfs/CAND-G100-028_29948444.pdf","sources/CAND-G100-028/originals/source.pdf","1093649","434246b9a8120933b300552a9c398eec5365038576f98d16ea7dd7e32cc96db3","AUTHENTICATED_CHROME_BROWSER","USER_ATTESTED","NO","NOT_VERIFIED","https://pubmed.ncbi.nlm.nih.gov/29948444/"
"CAND-G100-029","INITIAL_100","INITIAL_BATCH_UNPRIORITIZED","primary_observational","primary_observational","Ultra-processed food intake and risk of cardiovascular disease: prospective cohort study (NutriNet-Santé).","BMJ (Clinical research ed.)","2019 May 29","31142457","PMC6538975","10.1136/bmj.l1451","CAND-G100-029_31142457.pdf","pdfs/CAND-G100-029_31142457.pdf","sources/CAND-G100-029/originals/source.pdf","1500234","9b7a259a61226039ae37ce9b45fb390eb0d24262cfb08f4f202dd2e48d7c6245","PMC_FULLTEXT_RENDER","USER_ATTESTED","NO","NOT_VERIFIED","https://pubmed.ncbi.nlm.nih.gov/31142457/"
"CAND-G100-030","INITIAL_100","INITIAL_BATCH_UNPRIORITIZED","primary_observational","primary_observational","Ultra-Processed Food Consumption and Risk of Type 2 Diabetes: Three Large Prospective U.S. Cohort Studies.","Diabetes care","2023 Jul 01","36854188","PMC10300524","10.2337/dc22-1993","CAND-G100-030_36854188.pdf","pdfs/CAND-G100-030_36854188.pdf","sources/CAND-G100-030/originals/source.pdf","1064867","6840bafa0be3d3e7855b1a57d713c7af2c95880cb02cdf19bf96fc07e1274dc4","PMC_FULLTEXT_RENDER","USER_ATTESTED","NO","NOT_VERIFIED","https://pubmed.ncbi.nlm.nih.gov/36854188/"
"CAND-G100-031","INITIAL_100","INITIAL_BATCH_UNPRIORITIZED","primary_observational","primary_observational","Consumption of ultra-processed foods and cancer risk: results from NutriNet-Santé prospective cohort.","BMJ (Clinical research ed.)","2018 Feb 14","29444771","PMC5811844","10.1136/bmj.k322","CAND-G100-031_29444771.pdf","pdfs/CAND-G100-031_29444771.pdf","sources/CAND-G100-031/originals/source.pdf","931240","c88217dd793ba3a6c8e5588a8a7217cf5a98fa74bc64a5f897709252f3edad6a","PMC_FULLTEXT_RENDER","USER_ATTESTED","NO","NOT_VERIFIED","https://pubmed.ncbi.nlm.nih.gov/29444771/"
"CAND-G100-032","INITIAL_100","INITIAL_BATCH_UNPRIORITIZED","primary_observational","primary_observational","Ultra-processed food consumption and type 2 diabetes incidence: A prospective cohort study.","Clinical nutrition (Edinburgh, Scotland)","2021 May","33388205","","10.1016/j.clnu.2020.12.018","CAND-G100-032_33388205.pdf","pdfs/CAND-G100-032_33388205.pdf","sources/CAND-G100-032/originals/source.pdf","486492","bee27967d16be9157a9cccea6fd1ca63b755ad551d7d4b94692ec0fa84d15a74","AUTHENTICATED_CHROME_BROWSER","USER_ATTESTED","NO","NOT_VERIFIED","https://pubmed.ncbi.nlm.nih.gov/33388205/"
"CAND-G100-033","INITIAL_100","INITIAL_BATCH_UNPRIORITIZED","primary_observational","primary_observational","Ultra-processed food consumption and risk of obesity: a prospective cohort study of UK Biobank.","European journal of nutrition","2021 Jun","33070213","PMC8137628","10.1007/s00394-020-02367-1","CAND-G100-033_33070213.pdf","pdfs/CAND-G100-033_33070213.pdf","sources/CAND-G100-033/originals/source.pdf","875051","f59dff457efa2e97ebe94e9ba7270dae8001807f87596cd07dba10a259c78ea2","PRE_EXISTING","USER_ATTESTED","NO","NOT_VERIFIED","https://pubmed.ncbi.nlm.nih.gov/33070213/"
"CAND-G100-034","INITIAL_100","INITIAL_BATCH_UNPRIORITIZED","primary_observational","primary_observational","Dietary protein intake in midlife in relation to healthy aging - results from the prospective Nurses' Health Study cohort.","The American journal of clinical nutrition","2024 Feb","38309825","PMC10884611","10.1016/j.ajcnut.2023.11.010","CAND-G100-034_38309825.pdf","pdfs/CAND-G100-034_38309825.pdf","sources/CAND-G100-034/originals/source.pdf","1261358","6c67d1c256f09ebb52c14319a30c20a1dbc1a51c8b5375ba946aceee71331167","PMC_FULLTEXT_RENDER","USER_ATTESTED","NO","NOT_VERIFIED","https://pubmed.ncbi.nlm.nih.gov/38309825/"
"CAND-G100-035","INITIAL_100","INITIAL_BATCH_UNPRIORITIZED","primary_observational","primary_observational","Dietary protein intake and body composition, sarcopenia and sarcopenic obesity: A prospective population-based study.","Clinical nutrition (Edinburgh, Scotland)","2025 Oct","40845421","","10.1016/j.clnu.2025.07.033","CAND-G100-035_40845421.pdf","pdfs/CAND-G100-035_40845421.pdf","sources/CAND-G100-035/originals/source.pdf","983687","cde6564d01caa2befcd58c123e78608fabde677b52932d7c6075627aea68e64d","AUTHENTICATED_CHROME_BROWSER","USER_ATTESTED","NO","NOT_VERIFIED","https://pubmed.ncbi.nlm.nih.gov/40845421/"
"CAND-G100-036","INITIAL_100","INITIAL_BATCH_UNPRIORITIZED","primary_observational","primary_observational","Protein Intake and Risk of Falls: A Prospective Analysis in Older Adults.","Journal of the American Geriatrics Society","2019 Feb","30517767","","10.1111/jgs.15681","CAND-G100-036_30517767.pdf","pdfs/CAND-G100-036_30517767.pdf","sources/CAND-G100-036/originals/source.pdf","131478","7f406ef8545b17339e52d470adef565e8745bc02e4dde26f3d5f522ba252290b","USER_MANUAL_DOWNLOAD","USER_ATTESTED","NO","NOT_VERIFIED","https://pubmed.ncbi.nlm.nih.gov/30517767/"
"CAND-G100-037","INITIAL_100","INITIAL_BATCH_UNPRIORITIZED","primary_observational","primary_observational","Use of Insoluble Dietary Fiber and Probiotics for Bowel Preparation Before Colonoscopy: A Prospective Study.","Surgical laparoscopy, endoscopy & percutaneous techniques","2022 Feb 24","35202009","PMC8969843","10.1097/SLE.0000000000000995","CAND-G100-037_35202009.pdf","pdfs/CAND-G100-037_35202009.pdf","sources/CAND-G100-037/originals/source.pdf","691847","851c1bfd79f0dd8cd76d9ddddc050e3c172fa9e91883645f5dd4de1eb0bacc12","PMC_FULLTEXT_RENDER","USER_ATTESTED","NO","NOT_VERIFIED","https://pubmed.ncbi.nlm.nih.gov/35202009/"
"CAND-G100-038","INITIAL_100","INITIAL_BATCH_UNPRIORITIZED","primary_observational","primary_observational","Dietary fiber intake and mortality among survivors of liver cirrhosis: A prospective cohort study.","Heliyon","2023 Jun","37251456","PMC10220317","10.1016/j.heliyon.2023.e16170","CAND-G100-038_37251456.pdf","pdfs/CAND-G100-038_37251456.pdf","sources/CAND-G100-038/originals/source.pdf","1313582","f245e41d184220f36a0cdc36220bc38860cd4d7cde5469c35373ac4c93edb220","PMC_FULLTEXT_RENDER","USER_ATTESTED","NO","NOT_VERIFIED","https://pubmed.ncbi.nlm.nih.gov/37251456/"
"CAND-G100-039","INITIAL_100","INITIAL_BATCH_UNPRIORITIZED","primary_observational","primary_observational","Maternal Dietary Fiber Intake During Lactation and Human Milk Oligosaccharide Fucosylation: a PRIMA Birth Cohort Study.","Molecular nutrition & food research","2025 Oct","40583481","PMC12538538","10.1002/mnfr.70165","CAND-G100-039_40583481.pdf","pdfs/CAND-G100-039_40583481.pdf","sources/CAND-G100-039/originals/source.pdf","439799","a9c0ce9f6442419b7fca17605a3596fa552b5d35d3e9d454cd42832d72174c4c","PRE_EXISTING","USER_ATTESTED","NO","NOT_VERIFIED","https://pubmed.ncbi.nlm.nih.gov/40583481/"
"CAND-G100-040","INITIAL_100","INITIAL_BATCH_UNPRIORITIZED","primary_observational","primary_observational","Sodium intake and urinary losses in children on dialysis: a European multicenter prospective study.","Pediatric nephrology (Berlin, Germany)","2023 Oct","36988689","","10.1007/s00467-023-05932-y","CAND-G100-040_36988689.pdf","pdfs/CAND-G100-040_36988689.pdf","sources/CAND-G100-040/originals/source.pdf","1515711","3e46abfec2d6d3bf9ded91a572929a846c592a604d3581444cd52b3b33c2d86b","AUTHENTICATED_CHROME_BROWSER","USER_ATTESTED","NO","NOT_VERIFIED","https://pubmed.ncbi.nlm.nih.gov/36988689/"
"CAND-G100-041","INITIAL_100","INITIAL_BATCH_UNPRIORITIZED","primary_observational","primary_observational","Multiple measurements of the urinary sodium-to-potassium ratio strongly related home hypertension: TMM Cohort Study.","Hypertension research : official journal of the Japanese Society of Hypertension","2020 Jan","31562419","PMC8076007","10.1038/s41440-019-0335-2","CAND-G100-041_31562419.pdf","pdfs/CAND-G100-041_31562419.pdf","sources/CAND-G100-041/originals/source.pdf","1220577","9e40d574434062ef41128216f33c583b9496ea68ea6f2098c014aa6c8be6cf2c","PRE_EXISTING","USER_ATTESTED","NO","NOT_VERIFIED","https://pubmed.ncbi.nlm.nih.gov/31562419/"
"CAND-G100-042","INITIAL_100","INITIAL_BATCH_UNPRIORITIZED","primary_observational","primary_observational","Healthy dietary patterns, genetic risk, and gastrointestinal cancer incident risk: a large-scale prospective cohort study.","The American journal of clinical nutrition","2024 Feb","38042409","","10.1016/j.ajcnut.2023.11.015","CAND-G100-042_38042409.pdf","pdfs/CAND-G100-042_38042409.pdf","sources/CAND-G100-042/originals/source.pdf","1891630","e53b6d6aeab6e96a1924c9a5890c0352a0aa72fdff088859c6c98df2feaab0be","USER_MANUAL_DOWNLOAD","USER_ATTESTED","NO","NOT_VERIFIED","https://pubmed.ncbi.nlm.nih.gov/38042409/"
"CAND-G100-043","INITIAL_100","INITIAL_BATCH_UNPRIORITIZED","primary_observational","primary_observational","Plant-based dietary patterns and age-specific risk of multimorbidity of cancer and cardiometabolic diseases: a prospective analysis.","The lancet. Healthy longevity","2025 Aug","40845891","PMC12408430","10.1016/j.lanhl.2025.100742","CAND-G100-043_40845891.pdf","pdfs/CAND-G100-043_40845891.pdf","sources/CAND-G100-043/originals/source.pdf","458348","a72ea047042b8be2ae49e19c8e8f935d2994e449de5de018ee9c9f2792c4eca8","PRE_EXISTING","USER_ATTESTED","NO","NOT_VERIFIED","https://pubmed.ncbi.nlm.nih.gov/40845891/"
"CAND-G100-044","INITIAL_100","INITIAL_BATCH_UNPRIORITIZED","primary_observational","primary_observational","Inflammatory Dietary Patterns and Risk of Keratinocyte Cancers in Kidney Transplant Recipients: Prospective Cohort Study.","Dermatology (Basel, Switzerland)","2021","32966976","","10.1159/000509875","CAND-G100-044_32966976.pdf","pdfs/CAND-G100-044_32966976.pdf","sources/CAND-G100-044/originals/source.pdf","188206","5667dc110e843a4edb816a970fcd7b8d1774e565bdd5233c2a9058f826d505ff","USER_MANUAL_DOWNLOAD","USER_ATTESTED","NO","NOT_VERIFIED","https://pubmed.ncbi.nlm.nih.gov/32966976/"
"CAND-G100-045","INITIAL_100","INITIAL_BATCH_UNPRIORITIZED","primary_observational","primary_observational","Mediterranean diet and associated metabolite signatures in relation to MASLD progression: A prospective cohort study.","Hepatology communications","2025 Sep 01","40879470","PMC12401285","10.1097/HC9.0000000000000791","CAND-G100-045_40879470.pdf","pdfs/CAND-G100-045_40879470.pdf","sources/CAND-G100-045/originals/source.pdf","1629736","9ff01f8066281167eda5a80064000cffdc0dc6c4bb0991607fe31af284083c1b","PMC_FULLTEXT_RENDER","USER_ATTESTED","NO","NOT_VERIFIED","https://pubmed.ncbi.nlm.nih.gov/40879470/"
"CAND-G100-046","INITIAL_100","INITIAL_BATCH_UNPRIORITIZED","primary_observational","primary_observational","Mediterranean Diet versus Very Low-Calorie Ketogenic Diet: Effects of Reaching 5% Body Weight Loss on Body Composition in Subjects with Overweight and with Obesity-A Cohort Study.","International journal of environmental research and public health","2022 Oct 11","36293616","PMC9603454","10.3390/ijerph192013040","CAND-G100-046_36293616.pdf","pdfs/CAND-G100-046_36293616.pdf","sources/CAND-G100-046/originals/source.pdf","912287","fa7429b6d6bbe8ac2004251e7795047f40aecb396382bb8d2f0d7a232c6467a9","PMC_FULLTEXT_RENDER","USER_ATTESTED","NO","NOT_VERIFIED","https://pubmed.ncbi.nlm.nih.gov/36293616/"
"CAND-G100-047","INITIAL_100","INITIAL_BATCH_UNPRIORITIZED","evidence_synthesis","evidence_synthesis","Intermittent fasting and weight loss: Systematic review.","Canadian family physician Medecin de famille canadien","2020 Feb","32060194","PMC7021351","","CAND-G100-047_32060194.pdf","pdfs/CAND-G100-047_32060194.pdf","sources/CAND-G100-047/originals/source.pdf","914712","f3015bd128863a65b48618e89ed390c3c7260acb3b98357affb051a60820d8f8","PMC_FULLTEXT_RENDER","USER_ATTESTED","NO","NOT_VERIFIED","https://pubmed.ncbi.nlm.nih.gov/32060194/"
"CAND-G100-048","INITIAL_100","INITIAL_BATCH_UNPRIORITIZED","evidence_synthesis","evidence_synthesis","Intermittent fasting strategies and their effects on body weight and other cardiometabolic risk factors: systematic review and network meta-analysis of randomised clinical trials.","BMJ (Clinical research ed.)","2025 Jun 18","40533200","PMC12175170","10.1136/bmj-2024-082007","CAND-G100-048_40533200.pdf","pdfs/CAND-G100-048_40533200.pdf","sources/CAND-G100-048/originals/source.pdf","3011698","5bacc7b56870fd017bae3734ebc745383494e6ac758ba6e001b4c5831e060826","PMC_FULLTEXT_RENDER","USER_ATTESTED","NO","NOT_VERIFIED","https://pubmed.ncbi.nlm.nih.gov/40533200/"
"CAND-G100-049","INITIAL_100","INITIAL_BATCH_UNPRIORITIZED","evidence_synthesis","evidence_synthesis","Intermittent Fasting: Does It Affect Sports Performance? A Systematic Review.","Nutrients","2024 Jan 04","38201996","PMC10780856","10.3390/nu16010168","CAND-G100-049_38201996.pdf","pdfs/CAND-G100-049_38201996.pdf","sources/CAND-G100-049/originals/source.pdf","639508","85ded0e6d1fd1ad15fae998a9fb4c1f1fd14e8ede6854c1a8a826be5582948c8","PRE_EXISTING","USER_ATTESTED","NO","NOT_VERIFIED","https://pubmed.ncbi.nlm.nih.gov/38201996/"
"CAND-G100-050","INITIAL_100","INITIAL_BATCH_UNPRIORITIZED","evidence_synthesis","evidence_synthesis","The effects of intermittent fasting on body composition and cardiometabolic health in adults with prediabetes or type 2 diabetes: A systematic review and meta-analysis.","Diabetes, obesity & metabolism","2024 Sep","38956175","","10.1111/dom.15730","CAND-G100-050_38956175.pdf","pdfs/CAND-G100-050_38956175.pdf","sources/CAND-G100-050/originals/source.pdf","1047234","1740149fa464a50a10a79758df442f01f7c55781e839342905f35910c5f10e1f","USER_MANUAL_DOWNLOAD","USER_ATTESTED","NO","NOT_VERIFIED","https://pubmed.ncbi.nlm.nih.gov/38956175/"
"CAND-G100-051","INITIAL_100","INITIAL_BATCH_UNPRIORITIZED","evidence_synthesis","evidence_synthesis","Dietary Approaches to Stop Hypertension (DASH) Diet and Blood Pressure Reduction in Adults with and without Hypertension: A Systematic Review and Meta-Analysis of Randomized Controlled Trials.","Advances in nutrition (Bethesda, Md.)","2020 Sep 01","32330233","PMC7490167","10.1093/advances/nmaa041","CAND-G100-051_32330233.pdf","pdfs/CAND-G100-051_32330233.pdf","sources/CAND-G100-051/originals/source.pdf","1078583","c06c387b7a394b5165da4b3a30ff489509118106f4a69d869261543ad13120ae","PMC_FULLTEXT_RENDER","USER_ATTESTED","NO","NOT_VERIFIED","https://pubmed.ncbi.nlm.nih.gov/32330233/"
"CAND-G100-052","INITIAL_100","INITIAL_BATCH_UNPRIORITIZED","evidence_synthesis","evidence_synthesis","Adherence to the DASH Diet and Risk of Hypertension: A Systematic Review and Meta-Analysis.","Nutrients","2023 Jul 24","37513679","PMC10383418","10.3390/nu15143261","CAND-G100-052_37513679.pdf","pdfs/CAND-G100-052_37513679.pdf","sources/CAND-G100-052/originals/source.pdf","934547","045ea0bc4530ccb10dd10f1521b6a4ab230de797630aaf42495afdd510218068","PMC_FULLTEXT_RENDER","USER_ATTESTED","NO","NOT_VERIFIED","https://pubmed.ncbi.nlm.nih.gov/37513679/"
"CAND-G100-053","INITIAL_100","INITIAL_BATCH_UNPRIORITIZED","evidence_synthesis","evidence_synthesis","Mediterranean diet and female reproductive health over lifespan: a systematic review and meta-analysis.","American journal of obstetrics and gynecology","2023 Dec","37506751","","10.1016/j.ajog.2023.05.030","CAND-G100-053_37506751.pdf","pdfs/CAND-G100-053_37506751.pdf","sources/CAND-G100-053/originals/source.pdf","814719","8048662b2290a48c66b7633da1ded2cdd245a651351fce39659dd12f3f1a7316","AUTHENTICATED_CHROME_BROWSER","USER_ATTESTED","NO","NOT_VERIFIED","https://pubmed.ncbi.nlm.nih.gov/37506751/"
"CAND-G100-054","INITIAL_100","INITIAL_BATCH_UNPRIORITIZED","evidence_synthesis","evidence_synthesis","Effect of low glycaemic index or load dietary patterns on glycaemic control and cardiometabolic risk factors in diabetes: systematic review and meta-analysis of randomised controlled trials.","BMJ (Clinical research ed.)","2021 Aug 04","34348965","PMC8336013","10.1136/bmj.n1651","CAND-G100-054_34348965.pdf","pdfs/CAND-G100-054_34348965.pdf","sources/CAND-G100-054/originals/source.pdf","1632401","b5e0cc386b427aac71a6c1163850f58b680309b49002e34b787bc43aa66a27fd","PMC_FULLTEXT_RENDER","USER_ATTESTED","NO","NOT_VERIFIED","https://pubmed.ncbi.nlm.nih.gov/34348965/"
"CAND-G100-055","INITIAL_100","INITIAL_BATCH_UNPRIORITIZED","evidence_synthesis","evidence_synthesis","Efficacy and safety of low and very low carbohydrate diets for type 2 diabetes remission: systematic review and meta-analysis of published and unpublished randomized trial data.","BMJ (Clinical research ed.)","2021 Jan 13","33441384","PMC7804828","10.1136/bmj.m4743","CAND-G100-055_33441384.pdf","pdfs/CAND-G100-055_33441384.pdf","sources/CAND-G100-055/originals/source.pdf","1879616","f2af64d117c4278078b397a8ccb09c4f2a7961aedc02fcfe3f0350befdfd1c35","PMC_FULLTEXT_RENDER","USER_ATTESTED","NO","NOT_VERIFIED","https://pubmed.ncbi.nlm.nih.gov/33441384/"
"CAND-G100-056","INITIAL_100","INITIAL_BATCH_UNPRIORITIZED","evidence_synthesis","evidence_synthesis","Can Dietary Patterns Impact Fertility Outcomes? A Systematic Review and Meta-Analysis.","Nutrients","2023 May 31","37299551","PMC10255613","10.3390/nu15112589","CAND-G100-056_37299551.pdf","pdfs/CAND-G100-056_37299551.pdf","sources/CAND-G100-056/originals/source.pdf","1236375","7eaa548507c4f8ca6ad0ac27a4287d3b247094aea515d2177c66ca5fafaa9585","PMC_FULLTEXT_RENDER","USER_ATTESTED","NO","NOT_VERIFIED","https://pubmed.ncbi.nlm.nih.gov/37299551/"
"CAND-G100-057","INITIAL_100","INITIAL_BATCH_UNPRIORITIZED","evidence_synthesis","evidence_synthesis","The Role of Diet in Prognosis among Cancer Survivors: A Systematic Review and Meta-Analysis of Dietary Patterns and Diet Interventions.","Nutrients","2022 Jan 14","35057525","PMC8779048","10.3390/nu14020348","CAND-G100-057_35057525.pdf","pdfs/CAND-G100-057_35057525.pdf","sources/CAND-G100-057/originals/source.pdf","1485140","e9a0d543d6e749af148d58d7e2bbff523344a5665d0fdf0d1e29ce1b3eb1d6fc","PMC_FULLTEXT_RENDER","USER_ATTESTED","NO","NOT_VERIFIED","https://pubmed.ncbi.nlm.nih.gov/35057525/"
"CAND-G100-058","INITIAL_100","INITIAL_BATCH_UNPRIORITIZED","evidence_synthesis","evidence_synthesis","Systematic review and meta-analysis of protein intake to support muscle mass and function in healthy adults.","Journal of cachexia, sarcopenia and muscle","2022 Apr","35187864","PMC8978023","10.1002/jcsm.12922","CAND-G100-058_35187864.pdf","pdfs/CAND-G100-058_35187864.pdf","sources/CAND-G100-058/originals/source.pdf","1850703","1464a9f73eb0e1b884823557ddae298d8ef071742930c1a8a1293adfeba04ae9","PMC_FULLTEXT_RENDER","USER_ATTESTED","NO","NOT_VERIFIED","https://pubmed.ncbi.nlm.nih.gov/35187864/"
"CAND-G100-059","INITIAL_100","INITIAL_BATCH_UNPRIORITIZED","evidence_synthesis","evidence_synthesis","Exercise for sarcopenia in older people: A systematic review and network meta-analysis.","Journal of cachexia, sarcopenia and muscle","2023 Jun","37057640","PMC10235889","10.1002/jcsm.13225","CAND-G100-059_37057640.pdf","pdfs/CAND-G100-059_37057640.pdf","sources/CAND-G100-059/originals/source.pdf","2913317","49929c6f52e8d91eeab99685c8ac45c91353016eb84d287a3e705e1666898f65","PMC_FULLTEXT_RENDER","USER_ATTESTED","NO","NOT_VERIFIED","https://pubmed.ncbi.nlm.nih.gov/37057640/"
"CAND-G100-060","INITIAL_100","INITIAL_BATCH_UNPRIORITIZED","evidence_synthesis","evidence_synthesis","Effect of Plant Versus Animal Protein on Muscle Mass, Strength, Physical Performance, and Sarcopenia: A Systematic Review and Meta-analysis of Randomized Controlled Trials.","Nutrition reviews","2025 Jul 01","39813010","PMC12166177","10.1093/nutrit/nuae200","CAND-G100-060_39813010.pdf","pdfs/CAND-G100-060_39813010.pdf","sources/CAND-G100-060/originals/source.pdf","2046720","011d8e9b0541de6601b2f31129962b5993d4cd79ea43e2a6aeb1a3f66395587e","PMC_FULLTEXT_RENDER","USER_ATTESTED","NO","NOT_VERIFIED","https://pubmed.ncbi.nlm.nih.gov/39813010/"
"CAND-G100-061","INITIAL_100","INITIAL_BATCH_UNPRIORITIZED","evidence_synthesis","evidence_synthesis","Association of food groups and dietary pattern with breast cancer risk: A systematic review and meta-analysis.","Clinical nutrition (Edinburgh, Scotland)","2023 Mar","36731160","","10.1016/j.clnu.2023.01.003","CAND-G100-061_36731160.pdf","pdfs/CAND-G100-061_36731160.pdf","sources/CAND-G100-061/originals/source.pdf","2129026","5fb6991978d551f03a90f417485b2b20a88e7c17af29f543edf18483e61a8fe9","AUTHENTICATED_CHROME_BROWSER","USER_ATTESTED","NO","NOT_VERIFIED","https://pubmed.ncbi.nlm.nih.gov/36731160/"
"CAND-G100-062","INITIAL_100","INITIAL_BATCH_UNPRIORITIZED","evidence_synthesis","evidence_synthesis","The effect of timing of enteral nutrition support on feeding outcomes and dysphagia in patients with head and neck cancer undergoing radiotherapy or chemoradiotherapy: A systematic review.","Clinical nutrition ESPEN","2021 Aug","34330518","","10.1016/j.clnesp.2021.05.017","CAND-G100-062_34330518.pdf","pdfs/CAND-G100-062_34330518.pdf","sources/CAND-G100-062/originals/source.pdf","958074","e1aa171763e1fb47eb9b054a8a40b79bb015f290ef98f6984ec3e0ae627746ff","AUTHENTICATED_CHROME_BROWSER","USER_ATTESTED","NO","NOT_VERIFIED","https://pubmed.ncbi.nlm.nih.gov/34330518/"
"CAND-G100-063","INITIAL_100","INITIAL_BATCH_UNPRIORITIZED","evidence_synthesis","evidence_synthesis","Conversion of Urine Protein-Creatinine Ratio or Urine Dipstick Protein to Urine Albumin-Creatinine Ratio for Use in Chronic Kidney Disease Screening and Prognosis : An Individual Participant-Based Meta-analysis.","Annals of internal medicine","2020 Sep 15","32658569","PMC7780415","10.7326/M20-0529","CAND-G100-063_32658569.pdf","pdfs/CAND-G100-063_32658569.pdf","sources/CAND-G100-063/originals/source.pdf","761706","e1175493ff8dd3e228cc1df3b095bbcd82ea35b40a7d5aaa72c1562aff493cda","PMC_FULLTEXT_RENDER","USER_ATTESTED","NO","NOT_VERIFIED","https://pubmed.ncbi.nlm.nih.gov/32658569/"
"CAND-G100-064","INITIAL_100","INITIAL_BATCH_UNPRIORITIZED","evidence_synthesis","evidence_synthesis","Efficacy and safety of ketoanalogue supplementation combined with protein-restricted diets in advanced chronic kidney disease: a systematic review and meta-analysis.","Journal of nephrology","2024 Nov","39340710","","10.1007/s40620-024-02065-9","CAND-G100-064_39340710.pdf","pdfs/CAND-G100-064_39340710.pdf","sources/CAND-G100-064/originals/source.pdf","3708575","7763dbc207a228c2f7a6ab8c6ffbf06bbe33223b3487a5b533011794e6ab4fc2","USER_MANUAL_DOWNLOAD","USER_ATTESTED","NO","NOT_VERIFIED","https://pubmed.ncbi.nlm.nih.gov/39340710/"
"CAND-G100-065","INITIAL_100","INITIAL_BATCH_UNPRIORITIZED","guideline_or_consensus","guideline_or_consensus","ESPEN practical guideline: Clinical Nutrition in cancer.","Clinical nutrition (Edinburgh, Scotland)","2021 May","33946039","","10.1016/j.clnu.2021.02.005","CAND-G100-065_33946039.pdf","pdfs/CAND-G100-065_33946039.pdf","sources/CAND-G100-065/originals/source.pdf","3383270","c6dc5d6583786de4485688e27bb1e548a999065d3f65a0e9283f499b64bbbdbf","AUTHENTICATED_CHROME_BROWSER","USER_ATTESTED","NO","NOT_VERIFIED","https://pubmed.ncbi.nlm.nih.gov/33946039/"
"CAND-G100-066","INITIAL_100","INITIAL_BATCH_UNPRIORITIZED","guideline_or_consensus","guideline_or_consensus","ESPEN practical and partially revised guideline: Clinical nutrition in the intensive care unit.","Clinical nutrition (Edinburgh, Scotland)","2023 Sep","37517372","","10.1016/j.clnu.2023.07.011","CAND-G100-066_37517372.pdf","pdfs/CAND-G100-066_37517372.pdf","sources/CAND-G100-066/originals/source.pdf","4910552","00dd4181c2f080f770aaf0287a2b109445b88fd337ed7ea5c0ba88a181526264","PRE_EXISTING","USER_ATTESTED","NO","NOT_VERIFIED","https://pubmed.ncbi.nlm.nih.gov/37517372/"
"CAND-G100-067","INITIAL_100","INITIAL_BATCH_UNPRIORITIZED","guideline_or_consensus","guideline_or_consensus","ESPEN guideline on clinical nutrition in surgery - Update 2025.","Clinical nutrition (Edinburgh, Scotland)","2025 Oct","40957230","","10.1016/j.clnu.2025.08.029","CAND-G100-067_40957230.pdf","pdfs/CAND-G100-067_40957230.pdf","sources/CAND-G100-067/originals/source.pdf","8463560","efa9f1d1448f3261db328a1591abb281ebf2a041cebc874aed48c3883864f5bf","AUTHENTICATED_CHROME_BROWSER","USER_ATTESTED","NO","NOT_VERIFIED","https://pubmed.ncbi.nlm.nih.gov/40957230/"
"CAND-G100-068","INITIAL_100","INITIAL_BATCH_UNPRIORITIZED","guideline_or_consensus","guideline_or_consensus","ESPEN practical guideline on clinical nutrition in acute and chronic pancreatitis.","Clinical nutrition (Edinburgh, Scotland)","2024 Feb","38169174","","10.1016/j.clnu.2023.12.019","CAND-G100-068_38169174.pdf","pdfs/CAND-G100-068_38169174.pdf","sources/CAND-G100-068/originals/source.pdf","5134749","438e66d604ebf04f20464efed02759c3bf10f938f670f943aa22227e4a268a92","PRE_EXISTING","USER_ATTESTED","NO","NOT_VERIFIED","https://pubmed.ncbi.nlm.nih.gov/38169174/"
"CAND-G100-069","INITIAL_100","INITIAL_BATCH_UNPRIORITIZED","guideline_or_consensus","guideline_or_consensus","ESPEN guideline on hospital nutrition.","Clinical nutrition (Edinburgh, Scotland)","2021 Dec","34742138","","10.1016/j.clnu.2021.09.039","CAND-G100-069_34742138.pdf","pdfs/CAND-G100-069_34742138.pdf","sources/CAND-G100-069/originals/source.pdf","982122","9bb1b040fc1b48be8fd5a7f64930985a84fae3e708ce557d85a60a005d94f36f","AUTHENTICATED_CHROME_BROWSER","USER_ATTESTED","NO","NOT_VERIFIED","https://pubmed.ncbi.nlm.nih.gov/34742138/"
"CAND-G100-070","INITIAL_100","INITIAL_BATCH_UNPRIORITIZED","guideline_or_consensus","guideline_or_consensus","ESPEN micronutrient guideline.","Clinical nutrition (Edinburgh, Scotland)","2022 Jun","35365361","","10.1016/j.clnu.2022.02.015","CAND-G100-070_35365361.pdf","pdfs/CAND-G100-070_35365361.pdf","sources/CAND-G100-070/originals/source.pdf","1503741","9452fec51b6a7436219bffb7529ea51a2f6586f6a8bb4b83c4e4d00b77026e44","PRE_EXISTING","USER_ATTESTED","NO","NOT_VERIFIED","https://pubmed.ncbi.nlm.nih.gov/35365361/"
"CAND-G100-071","INITIAL_100","INITIAL_BATCH_UNPRIORITIZED","guideline_or_consensus","guideline_or_consensus","Medical Nutrition Therapy Interventions Provided by Dietitians for Adult Overweight and Obesity Management: An Academy of Nutrition and Dietetics Evidence-Based Practice Guideline.","Journal of the Academy of Nutrition and Dietetics","2023 Mar","36462613","PMC12646719","10.1016/j.jand.2022.11.014","CAND-G100-071_36462613.pdf","pdfs/CAND-G100-071_36462613.pdf","sources/CAND-G100-071/originals/source.pdf","9210353","99e7e6ddd98e0f1d1f0737dc69f746ce07bf50cbd376ef3835b8e263d11a9ee3","PMC_FULLTEXT_RENDER","USER_ATTESTED","NO","NOT_VERIFIED","https://pubmed.ncbi.nlm.nih.gov/36462613/"
"CAND-G100-072","INITIAL_100","INITIAL_BATCH_UNPRIORITIZED","guideline_or_consensus","guideline_or_consensus","ESPEN practical guideline on ethical aspects of medical nutrition therapy.","Clinical nutrition (Edinburgh, Scotland)","2026 May","41895152","","10.1016/j.clnu.2026.106622","CAND-G100-072_41895152.pdf","pdfs/CAND-G100-072_41895152.pdf","sources/CAND-G100-072/originals/source.pdf","6562173","04835652d01c3abb1318b47076def09d92a7fc5d142bcb6ccdfd2592b8d76752","AUTHENTICATED_CHROME_BROWSER","USER_ATTESTED","NO","NOT_VERIFIED","https://pubmed.ncbi.nlm.nih.gov/41895152/"
"CAND-G100-073","INITIAL_100","INITIAL_BATCH_UNPRIORITIZED","guideline_or_consensus","guideline_or_consensus","ESPEN guideline on clinical nutrition in hospitalized patients with acute or chronic kidney disease.","Clinical nutrition (Edinburgh, Scotland)","2021 Apr","33640205","","10.1016/j.clnu.2021.01.028","CAND-G100-073_33640205.pdf","pdfs/CAND-G100-073_33640205.pdf","sources/CAND-G100-073/originals/source.pdf","1233922","36cf380708b959cef3c194aa60a6812c4046931f0c1712ae69a4f0a8d54310da","AUTHENTICATED_CHROME_BROWSER","USER_ATTESTED","NO","NOT_VERIFIED","https://pubmed.ncbi.nlm.nih.gov/33640205/"
"CAND-G100-074","INITIAL_100","INITIAL_BATCH_UNPRIORITIZED","guideline_or_consensus","guideline_or_consensus","ESPEN practical guideline on clinical nutrition in hospitalized patients with acute or chronic kidney disease.","Clinical nutrition (Edinburgh, Scotland)","2024 Sep","39178492","","10.1016/j.clnu.2024.08.002","CAND-G100-074_39178492.pdf","pdfs/CAND-G100-074_39178492.pdf","sources/CAND-G100-074/originals/source.pdf","702257","6a7bdc0500170e2875662d00b8195074888bd7db006fbe0431f4d8b4a5a8b397","AUTHENTICATED_CHROME_BROWSER","USER_ATTESTED","NO","NOT_VERIFIED","https://pubmed.ncbi.nlm.nih.gov/39178492/"
"CAND-G100-075","INITIAL_100","INITIAL_BATCH_UNPRIORITIZED","guideline_or_consensus","guideline_or_consensus","Hyperglycaemic crises in adults with diabetes: a consensus report.","Diabetologia","2024 Aug","38907161","PMC11343900","10.1007/s00125-024-06183-8","CAND-G100-075_38907161.pdf","pdfs/CAND-G100-075_38907161.pdf","sources/CAND-G100-075/originals/source.pdf","2812549","2b9559a1b229bbc84ae105f7d96a3d41975de41b4c643dbbfd2cf009c85fc094","PMC_FULLTEXT_RENDER","USER_ATTESTED","NO","NOT_VERIFIED","https://pubmed.ncbi.nlm.nih.gov/38907161/"
"CAND-G100-076","INITIAL_100","INITIAL_BATCH_UNPRIORITIZED","guideline_or_consensus","guideline_or_consensus","Exercise/Physical Activity in Individuals with Type 2 Diabetes: A Consensus Statement from the American College of Sports Medicine.","Medicine and science in sports and exercise","2022 Feb 01","35029593","PMC8802999","10.1249/MSS.0000000000002800","CAND-G100-076_35029593.pdf","pdfs/CAND-G100-076_35029593.pdf","sources/CAND-G100-076/originals/source.pdf","2707772","4a3550c9a486728b2e352812fcef7944ac766bb80faa3b4d4c9f358a72e0657f","PMC_FULLTEXT_RENDER","USER_ATTESTED","NO","NOT_VERIFIED","https://pubmed.ncbi.nlm.nih.gov/35029593/"
"CAND-G100-077","INITIAL_100","INITIAL_BATCH_UNPRIORITIZED","companion_or_secondary","companion_or_secondary","Safety of High-Dose Vitamin D Supplementation: Secondary Analysis of a Randomized Controlled Trial.","The Journal of clinical endocrinology and metabolism","2020 Apr 01","31746327","","10.1210/clinem/dgz212","CAND-G100-077_31746327.pdf","pdfs/CAND-G100-077_31746327.pdf","sources/CAND-G100-077/originals/source.pdf","3158849","2a5624c5b9375d39dbf8cbdb2dcfc327e8825d5269dc82f79ac3a06da9b802d0","CHROME_ACTIVE_TAB_CAPTURED","USER_ATTESTED","NO","NOT_VERIFIED","https://pubmed.ncbi.nlm.nih.gov/31746327/"
"CAND-G100-078","INITIAL_100","INITIAL_BATCH_UNPRIORITIZED","companion_or_secondary","companion_or_secondary","Time-Restricted Eating and Sleep, Mood, and Quality of Life in Adults With Overweight or Obesity: A Secondary Analysis of a Randomized Clinical Trial.","JAMA network open","2025 Jun 02","40560588","PMC12199060","10.1001/jamanetworkopen.2025.17268","CAND-G100-078_40560588.pdf","pdfs/CAND-G100-078_40560588.pdf","sources/CAND-G100-078/originals/source.pdf","1749471","32559f0ace36841786fe52072e9caa4289811da189d499f0d1cb444863dcb359","PRE_EXISTING","USER_ATTESTED","NO","NOT_VERIFIED","https://pubmed.ncbi.nlm.nih.gov/40560588/"
"CAND-G100-079","INITIAL_100","INITIAL_BATCH_UNPRIORITIZED","companion_or_secondary","companion_or_secondary","5-year follow-up of the randomised Diabetes Remission Clinical Trial (DiRECT) of continued support for weight loss maintenance in the UK: an extension study.","The lancet. Diabetes & endocrinology","2024 Apr","38423026","","10.1016/S2213-8587(23)00385-6","CAND-G100-079_38423026.pdf","pdfs/CAND-G100-079_38423026.pdf","sources/CAND-G100-079/originals/source.pdf","413605","d9451aa938c194258e0ee3bbb22c728074fd68893bfdd9d6ea000b057634a9f5","PRE_EXISTING","USER_ATTESTED","NO","NOT_VERIFIED","https://pubmed.ncbi.nlm.nih.gov/38423026/"
"CAND-G100-080","INITIAL_100","INITIAL_BATCH_UNPRIORITIZED","companion_or_secondary","companion_or_secondary","Effects of 4:3 Intermittent Fasting on Eating Behaviors and Appetite Hormones: A Secondary Analysis of a 12-Month Behavioral Weight Loss Intervention.","Nutrients","2025 Jul 21","40733010","PMC12298406","10.3390/nu17142385","CAND-G100-080_40733010.pdf","pdfs/CAND-G100-080_40733010.pdf","sources/CAND-G100-080/originals/source.pdf","1128917","8b5c546a663e4a1ed785680b301bb90414d886d020654075c687eaf57ecd2ac3","PMC_FULLTEXT_RENDER","USER_ATTESTED","NO","NOT_VERIFIED","https://pubmed.ncbi.nlm.nih.gov/40733010/"
"CAND-G100-081","INITIAL_100","INITIAL_BATCH_UNPRIORITIZED","correction_republication_retraction_or_living_version","correction_republication_retraction_or_living_version","Author Correction: Fasting mimicking diet cycles versus a Mediterranean diet and cardiometabolic risk in overweight and obese hypertensive subjects: a randomized clinical trial.","npj metabolic health and disease","2025 Sep 23","40987812","PMC12457591","10.1038/s44324-025-00084-z","CAND-G100-081_40987812.pdf","pdfs/CAND-G100-081_40987812.pdf","sources/CAND-G100-081/originals/source.pdf","226170","9b1d0256efe6bd450456ffecece443395b72f41c0cdd9cee22dab5d47dc58626","PRE_EXISTING","USER_ATTESTED","NO","NOT_VERIFIED","https://pubmed.ncbi.nlm.nih.gov/40987812/"
"CAND-G100-082","INITIAL_100","INITIAL_BATCH_UNPRIORITIZED","correction_republication_retraction_or_living_version","correction_republication_retraction_or_living_version","Correction to: PKU dietary handbook to accompany PKU guidelines.","Orphanet journal of rare diseases","2020 Sep 01","32873338","PMC7465324","10.1186/s13023-020-01486-6","CAND-G100-082_32873338.pdf","pdfs/CAND-G100-082_32873338.pdf","sources/CAND-G100-082/originals/source.pdf","211702","92c894a00f3263987f91debc29cc9be62f28aa2cf8654dd4199cb8306ebe7ce7","PRE_EXISTING","USER_ATTESTED","NO","NOT_VERIFIED","https://pubmed.ncbi.nlm.nih.gov/32873338/"
"CAND-G100-083","INITIAL_100","INITIAL_BATCH_UNPRIORITIZED","correction_republication_retraction_or_living_version","correction_republication_retraction_or_living_version","Correction to: Cardiovascular-Kidney-Metabolic Health: A Presidential Advisory From the American Heart Association.","Circulation","2024 Mar 26","38527138","","10.1161/CIR.0000000000001241","CAND-G100-083_38527138.pdf","pdfs/CAND-G100-083_38527138.pdf","sources/CAND-G100-083/originals/source.pdf","59538","f3bea122bd3c22d6c440dc0d633b2a0a9b447c53d01853e4b1adc47dd6f941c6","USER_MANUAL_DOWNLOAD","USER_ATTESTED","NO","NOT_VERIFIED","https://pubmed.ncbi.nlm.nih.gov/38527138/"
"CAND-G100-084","INITIAL_100","INITIAL_BATCH_UNPRIORITIZED","correction_republication_retraction_or_living_version","correction_republication_retraction_or_living_version","Management of paediatric ulcerative colitis, part 2: Acute severe colitis-An updated evidence-based consensus guideline from the European Society of Paediatric Gastroenterology, Hepatology and Nutrition and the European Crohn's and Colitis Organization.","Journal of pediatric gastroenterology and nutrition","2025 Sep","40528309","","10.1002/jpn3.70096","CAND-G100-084_40528309.pdf","pdfs/CAND-G100-084_40528309.pdf","sources/CAND-G100-084/originals/source.pdf","1109064","0972ca00b59d5dade06b26c1c2794cbae063566527f8cf07e58c1614ca65dde8","PRE_EXISTING","USER_ATTESTED","NO","NOT_VERIFIED","https://pubmed.ncbi.nlm.nih.gov/40528309/"
"CAND-G100-085","INITIAL_100","INITIAL_BATCH_UNPRIORITIZED","correction_republication_retraction_or_living_version","correction_republication_retraction_or_living_version","ESPEN guideline on chronic intestinal failure in adults - Update 2023.","Clinical nutrition (Edinburgh, Scotland)","2023 Oct","37639741","","10.1016/j.clnu.2023.07.019","CAND-G100-085_37639741.pdf","pdfs/CAND-G100-085_37639741.pdf","sources/CAND-G100-085/originals/source.pdf","1897340","8b1f25e0f411ac82b830759e14781855bd807d38b5acadb542eb8cfa8ca757ec","INSTITUTIONAL_IR","USER_ATTESTED","NO","NOT_VERIFIED","https://pubmed.ncbi.nlm.nih.gov/37639741/"
"CAND-G100-086","INITIAL_100","INITIAL_BATCH_UNPRIORITIZED","correction_republication_retraction_or_living_version","correction_republication_retraction_or_living_version","The Medical Management of Paediatric Crohn's Disease: an ECCO-ESPGHAN Guideline Update.","Journal of Crohn's & colitis","2021 Feb 01","33026087","","10.1093/ecco-jcc/jjaa161","CAND-G100-086_33026087.pdf","pdfs/CAND-G100-086_33026087.pdf","sources/CAND-G100-086/originals/source.pdf","1085657","76ad6e11c3be1751a5de3d64f0059a6023fd63511a3e07350ac6327a839e4ff3","PRE_EXISTING","USER_ATTESTED","NO","NOT_VERIFIED","https://pubmed.ncbi.nlm.nih.gov/33026087/"
"CAND-G100-087","INITIAL_100","INITIAL_BATCH_UNPRIORITIZED","study_identity_or_companion_dependency","study_identity_or_companion_dependency","Mediterranean diet as a strategy for preserving kidney function in patients with coronary heart disease with type 2 diabetes and obesity: a secondary analysis of CORDIOPREV randomized controlled trial.","Nutrition & diabetes","2024 May 16","38755195","PMC11099022","10.1038/s41387-024-00285-3","CAND-G100-087_38755195.pdf","pdfs/CAND-G100-087_38755195.pdf","sources/CAND-G100-087/originals/source.pdf","584789","8a25d1d38cc32f74c83701cc4f8cd39d98c8fe5f5eaa905ab4bf080cb2acd170","PRE_EXISTING","USER_ATTESTED","NO","NOT_VERIFIED","https://pubmed.ncbi.nlm.nih.gov/38755195/"
"CAND-G100-088","INITIAL_100","INITIAL_BATCH_UNPRIORITIZED","study_identity_or_companion_dependency","study_identity_or_companion_dependency","Mediterranean Diet, Physical Activity, and Bone Health in Older Adults: A Secondary Analysis of a Randomized Clinical Trial.","JAMA network open","2025 Apr 01","40198072","PMC11979728","10.1001/jamanetworkopen.2025.3710","CAND-G100-088_40198072.pdf","pdfs/CAND-G100-088_40198072.pdf","sources/CAND-G100-088/originals/source.pdf","757516","63603163bc2d7ce379057a9a3364ca61f0ad9d0a30c2846b26c3de1e565e1903","PMC_FULLTEXT_RENDER","USER_ATTESTED","NO","NOT_VERIFIED","https://pubmed.ncbi.nlm.nih.gov/40198072/"
"CAND-G100-090","INITIAL_100","INITIAL_BATCH_UNPRIORITIZED","study_identity_or_companion_dependency","study_identity_or_companion_dependency","Effects of time-restricted eating and low-carbohydrate diet on psychosocial health and appetite in individuals with metabolic syndrome: A secondary analysis of a randomized controlled trial.","Clinical nutrition (Edinburgh, Scotland)","2024 Oct","39226719","","10.1016/j.clnu.2024.08.029","CAND-G100-090_39226719.pdf","pdfs/CAND-G100-090_39226719.pdf","sources/CAND-G100-090/originals/source.pdf","679667","d0783ee63108d0bf6950e8d76ee12bb8b8c04e509faaba958b67f38efc49e5b7","AUTHENTICATED_CHROME_BROWSER","USER_ATTESTED","NO","NOT_VERIFIED","https://pubmed.ncbi.nlm.nih.gov/39226719/"
"CAND-G100-091","INITIAL_100","INITIAL_BATCH_UNPRIORITIZED","conflicting_evidence","conflicting_evidence","Calorie Restriction with or without Time-Restricted Eating in Weight Loss.","The New England journal of medicine","2022 Apr 21","35443107","","10.1056/NEJMoa2114833","CAND-G100-091_35443107.pdf","pdfs/CAND-G100-091_35443107.pdf","sources/CAND-G100-091/originals/source.pdf","530249","1f9aef36c93f2a5c380bc601932f9a2ddc6f19af6d7f119d8780acc8efcd4fbc","USER_MANUAL_DOWNLOAD","USER_ATTESTED","NO","NOT_VERIFIED","https://pubmed.ncbi.nlm.nih.gov/35443107/"
"CAND-G100-093","INITIAL_100","INITIAL_BATCH_UNPRIORITIZED","conflicting_evidence","conflicting_evidence","Intermittent fasting plus early time-restricted eating versus calorie restriction and standard care in adults at risk of type 2 diabetes: a randomized controlled trial.","Nature medicine","2023 Apr","37024596","","10.1038/s41591-023-02287-7","CAND-G100-093_37024596.pdf","pdfs/CAND-G100-093_37024596.pdf","sources/CAND-G100-093/originals/source.pdf","4307108","d4818f3b2b7d13a528d6beb07fee9e622dd7648c15c10c8a2abc76feb324c771","USER_MANUAL_DOWNLOAD","USER_ATTESTED","NO","NOT_VERIFIED","https://pubmed.ncbi.nlm.nih.gov/37024596/"
"CAND-G100-094","INITIAL_100","INITIAL_BATCH_UNPRIORITIZED","conflicting_evidence","conflicting_evidence","A 5:2 Intermittent Fasting Meal Replacement Diet and Glycemic Control for Adults With Diabetes: The EARLY Randomized Clinical Trial.","JAMA network open","2024 Jun 03","38904963","PMC11193124","10.1001/jamanetworkopen.2024.16786","CAND-G100-094_38904963.pdf","pdfs/CAND-G100-094_38904963.pdf","sources/CAND-G100-094/originals/source.pdf","3042977","7080a301d76be174205becb4284762310a237b9a5e73b274c937ef3d04b8362a","PMC_FULLTEXT_RENDER","USER_ATTESTED","NO","NOT_VERIFIED","https://pubmed.ncbi.nlm.nih.gov/38904963/"
"CAND-G100-095","INITIAL_100","INITIAL_BATCH_UNPRIORITIZED","recommendation_exception_or_normative_boundary","recommendation_exception_or_normative_boundary","Definition and Diagnostic Criteria for Sarcopenic Obesity: ESPEN and EASO Consensus Statement.","Obesity facts","2022","35196654","PMC9210010","10.1159/000521241","CAND-G100-095_35196654.pdf","pdfs/CAND-G100-095_35196654.pdf","sources/CAND-G100-095/originals/source.pdf","1659987","f5e85385e14d57eef164369f20a73b455271be5977351cc7c639ecaec82c8f0c","PMC_FULLTEXT_RENDER","USER_ATTESTED","NO","NOT_VERIFIED","https://pubmed.ncbi.nlm.nih.gov/35196654/"
"CAND-G100-096","INITIAL_100","INITIAL_BATCH_UNPRIORITIZED","recommendation_exception_or_normative_boundary","recommendation_exception_or_normative_boundary","Expert consensus statements and summary of proceedings from the International Safety and Quality of Parenteral Nutrition Summit.","American journal of health-system pharmacy : AJHP : official journal of the American Society of Health-System Pharmacists","2024 Jun 13","38869255","PMC11170495","10.1093/ajhp/zxae078","CAND-G100-096_38869255.pdf","pdfs/CAND-G100-096_38869255.pdf","sources/CAND-G100-096/originals/source.pdf","469337","0058de603ab4ed9950bd820d6df03ebad2739cf8586db1e0d797766c87bcd77c","PRE_EXISTING","USER_ATTESTED","NO","NOT_VERIFIED","https://pubmed.ncbi.nlm.nih.gov/38869255/"
"CAND-G100-097","INITIAL_100","INITIAL_BATCH_UNPRIORITIZED","temporal_cutoff_sensitive","temporal_cutoff_sensitive","ESPEN guideline on nutrition and hydration in dementia - Update 2024.","Clinical nutrition (Edinburgh, Scotland)","2024 Jun","38772068","","10.1016/j.clnu.2024.04.039","CAND-G100-097_38772068.pdf","pdfs/CAND-G100-097_38772068.pdf","sources/CAND-G100-097/originals/source.pdf","998481","e81a382372e74e755d9f8adb309d4bf218c9fb5d4e6e793d6938f519f721b294","PRE_EXISTING","USER_ATTESTED","NO","NOT_VERIFIED","https://pubmed.ncbi.nlm.nih.gov/38772068/"
"CAND-G100-098","INITIAL_100","INITIAL_BATCH_UNPRIORITIZED","temporal_cutoff_sensitive","temporal_cutoff_sensitive","Management of paediatric ulcerative colitis, part 1: Ambulatory care-An updated evidence-based consensus guideline from the European Society of Paediatric Gastroenterology, Hepatology and Nutrition and the European Crohn's and Colitis Organisation.","Journal of pediatric gastroenterology and nutrition","2025 Sep","40677018","PMC12408984","10.1002/jpn3.70097","CAND-G100-098_40677018.pdf","pdfs/CAND-G100-098_40677018.pdf","sources/CAND-G100-098/originals/source.pdf","6630698","d69c955de0e37e1a49646671b1d4e428c504934665312fc21aa2274c9c71f09c","PRE_EXISTING","USER_ATTESTED","NO","NOT_VERIFIED","https://pubmed.ncbi.nlm.nih.gov/40677018/"
"CAND-G100-099","INITIAL_100","INITIAL_BATCH_UNPRIORITIZED","incomplete_or_missing_source_text","incomplete_or_missing_source_text","Cardiometabolic health improvements upon dietary intervention are driven by tissue-specific insulin resistance phenotype: A precision nutrition trial.","Cell metabolism","2023 Jan 03","36599304","","10.1016/j.cmet.2022.12.002","CAND-G100-099_36599304.pdf","pdfs/CAND-G100-099_36599304.pdf","sources/CAND-G100-099/originals/source.pdf","2597019","739c64ec53538814cf493a5e22241b7474f48f2df24efc2541c10a59b381f30a","PRE_EXISTING","USER_ATTESTED","NO","NOT_VERIFIED","https://pubmed.ncbi.nlm.nih.gov/36599304/"
"CAND-G100-100","INITIAL_100","INITIAL_BATCH_UNPRIORITIZED","incomplete_or_missing_source_text","incomplete_or_missing_source_text","Short-term intermittent fasting and energy restriction do not impair rates of muscle protein synthesis: A randomised, controlled dietary intervention.","Clinical nutrition (Edinburgh, Scotland)","2024 Nov","39418832","","10.1016/j.clnu.2024.09.034","CAND-G100-100_39418832.pdf","pdfs/CAND-G100-100_39418832.pdf","sources/CAND-G100-100/originals/source.pdf","1400343","74f3bb5b65eddaea9fa5c60181c34343db70a1639c5a44db39f70aa4e6a1c290","PRE_EXISTING","USER_ATTESTED","NO","NOT_VERIFIED","https://pubmed.ncbi.nlm.nih.gov/39418832/"
"SUPP-G1-001","SUPPLEMENT_36","P0","共识/版本","","GLIM criteria for the diagnosis of malnutrition - A consensus report from the global clinical nutrition community.","Journal of cachexia, sarcopenia and muscle","2019 Feb","30920778","PMC6438340","10.1002/jcsm.12383","SUPP-G1-001_30920778.pdf","pdfs/SUPP-G1-001_30920778.pdf","sources/SUPP-G1-001/originals/source.pdf","498329","68dd7e8e8eac31a679dab13c4740f59504d90ec344ad96735c6a6fdb4a3e6d89","UNPAYWALL","USER_ATTESTED","NO","NOT_VERIFIED","https://pubmed.ncbi.nlm.nih.gov/30920778/"
"SUPP-G1-002","SUPPLEMENT_36","P0","共识/版本","","GLIM consensus approach to diagnosis of malnutrition: A 5-year update.","JPEN. Journal of parenteral and enteral nutrition","2025 May","40223699","PMC12053077","10.1002/jpen.2756","SUPP-G1-002_40223699.pdf","pdfs/SUPP-G1-002_40223699.pdf","sources/SUPP-G1-002/originals/source.pdf","1866625","113e1b27ea1e5edd031630b2e4216507f9b19415c27b66ebc230a0ceca2111ab","UNPAYWALL","USER_ATTESTED","NO","NOT_VERIFIED","https://pubmed.ncbi.nlm.nih.gov/40223699/"
"SUPP-G1-003","SUPPLEMENT_36","P0","指南","","ESPEN guideline on clinical nutrition in liver disease.","Clinical nutrition (Edinburgh, Scotland)","2019 Apr","30712783","PMC6686849","10.1016/j.clnu.2018.12.022","SUPP-G1-003_30712783.pdf","pdfs/SUPP-G1-003_30712783.pdf","sources/SUPP-G1-003/originals/source.pdf","6060439","4bec447212c96379a1e5c7324bffa0425905c6efd0f8dca2b01fd42d1138710f","PMC_FULLTEXT_RENDER","USER_ATTESTED","NO","NOT_VERIFIED","https://pubmed.ncbi.nlm.nih.gov/30712783/"
"SUPP-G1-004","SUPPLEMENT_36","P0","指南","","KDOQI Clinical Practice Guideline for Nutrition in CKD: 2020 Update.","American journal of kidney diseases : the official journal of the National Kidney Foundation","2020 Sep","32829751","","10.1053/j.ajkd.2020.05.006","SUPP-G1-004_32829751.pdf","pdfs/SUPP-G1-004_32829751.pdf","sources/SUPP-G1-004/originals/source.pdf","3843804","5d60490b7299ef25fda20928ccad72dc1b50911f1fe06667e5ac41cede4c969d","AJKD_OFFICIAL_CHROME","USER_ATTESTED","NO","NOT_VERIFIED","https://pubmed.ncbi.nlm.nih.gov/32829751/"
"SUPP-G1-005","SUPPLEMENT_36","P0","安全共识","","ASPEN Consensus Recommendations for Refeeding Syndrome.","Nutrition in clinical practice : official publication of the American Society for Parenteral and Enteral Nutrition","2020 Apr","32115791","","10.1002/ncp.10474","SUPP-G1-005_32115791.pdf","pdfs/SUPP-G1-005_32115791.pdf","sources/SUPP-G1-005/originals/source.pdf","495714","4bddb866e577f743198e5d1944e16e7da133d9be3830288aa8bdb8074c516130","WILEY_OFFICIAL_CHROME","USER_ATTESTED","NO","NOT_VERIFIED","https://pubmed.ncbi.nlm.nih.gov/32115791/"
"SUPP-G1-006","SUPPLEMENT_36","P0","更正通知","","Erratum: Joshua S. V. da Silva. ASPEN Consensus Recommendations for Refeeding Syndrome. Nutr Clin Pract. 2020;35(2):178-195.","Nutrition in clinical practice : official publication of the American Society for Parenteral and Enteral Nutrition","2020 Jun","32383800","","10.1002/ncp.10491","SUPP-G1-006_32383800.pdf","pdfs/SUPP-G1-006_32383800.pdf","sources/SUPP-G1-006/originals/source.pdf","293866","84410359a25144f53de7331fba18a184c504e14ca20dd7ee59e53086640b586f","WILEY_OFFICIAL_CHROME","USER_ATTESTED","NO","NOT_VERIFIED","https://pubmed.ncbi.nlm.nih.gov/32383800/"
"SUPP-G1-007","SUPPLEMENT_36","P0","共识","","Consensus Report: Definition and Interpretation of Remission in Type 2 Diabetes.","Diabetes care","2021 Aug 30","34462270","PMC8929179","10.2337/dci21-0034","SUPP-G1-007_34462270.pdf","pdfs/SUPP-G1-007_34462270.pdf","sources/SUPP-G1-007/originals/source.pdf","571923","ae8ac5d19f5507dc35572c66a0941eeac7d6ef382d49ca301b76c4781c633b52","PMC_FULLTEXT_RENDER","USER_ATTESTED","NO","NOT_VERIFIED","https://pubmed.ncbi.nlm.nih.gov/34462270/"
"SUPP-G1-008","SUPPLEMENT_36","P0","指南","","EASL-EASD-EASO Clinical Practice Guidelines on the Management of Metabolic Dysfunction-Associated Steatotic Liver Disease (MASLD).","Obesity facts","2024","38852583","PMC11299976","10.1159/000539371","SUPP-G1-008_38852583.pdf","pdfs/SUPP-G1-008_38852583.pdf","sources/SUPP-G1-008/originals/source.pdf","7133499","0c27ccedb6b7af89b35b77c4741861b1494acfa013e168f2bf83a8b537ffa35d","PMC_FULLTEXT_RENDER","USER_ATTESTED","NO","NOT_VERIFIED","https://pubmed.ncbi.nlm.nih.gov/38852583/"
"SUPP-G1-009","SUPPLEMENT_36","P0","指南摘要","","EASL-EASD-EASO Clinical Practice Guidelines on the management of metabolic dysfunction-associated steatotic liver disease (MASLD): Executive Summary.","Diabetologia","2024 Nov","38869512","PMC11519095","10.1007/s00125-024-06196-3","SUPP-G1-009_38869512.pdf","pdfs/SUPP-G1-009_38869512.pdf","sources/SUPP-G1-009/originals/source.pdf","1540463","1c2ccaf180c068f303fd27de2a90b07d35eff4b8d7e2814d166e9837f4f5f2ec","UNPAYWALL","USER_ATTESTED","NO","NOT_VERIFIED","https://pubmed.ncbi.nlm.nih.gov/38869512/"
"SUPP-G1-010","SUPPLEMENT_36","P0","更正通知","","Publisher Correction: EASL-EASD-EASO Clinical Practice Guidelines on the management of metabolic dysfunction-associated steatotic liver disease (MASLD): Executive Summary.","Diabetologia","2024 Nov","39352523","PMC11519244","10.1007/s00125-024-06258-6","SUPP-G1-010_39352523.pdf","pdfs/SUPP-G1-010_39352523.pdf","sources/SUPP-G1-010/originals/source.pdf","438798","0d3cbbf33ff218d0d076355283ca384bb9a551e5fad811c27a06eefb5adf7b5f","UNPAYWALL","USER_ATTESTED","NO","NOT_VERIFIED","https://pubmed.ncbi.nlm.nih.gov/39352523/"
"SUPP-G1-011","SUPPLEMENT_36","P0","伞状综述","","Ultra-processed food exposure and adverse health outcomes: umbrella review of epidemiological meta-analyses.","BMJ (Clinical research ed.)","2024 Feb 28","38418082","PMC10899807","10.1136/bmj-2023-077310","SUPP-G1-011_38418082.pdf","pdfs/SUPP-G1-011_38418082.pdf","sources/SUPP-G1-011/originals/source.pdf","1425932","c6e945c2ba9bebaf5331038da4fc51114333f0e6b2f52b56c6fd2c5a0f19d9f9","UNPAYWALL","USER_ATTESTED","NO","NOT_VERIFIED","https://pubmed.ncbi.nlm.nih.gov/38418082/"
"SUPP-G1-012","SUPPLEMENT_36","P0","Meta分析","","Effect of dose and duration of reduction in dietary sodium on blood pressure levels: systematic review and meta-analysis of randomised trials.","BMJ (Clinical research ed.)","2020 Feb 24","32094151","PMC7190039","10.1136/bmj.m315","SUPP-G1-012_32094151.pdf","pdfs/SUPP-G1-012_32094151.pdf","sources/SUPP-G1-012/originals/source.pdf","1428984","4b2a6cc816d22a7f0da070b008024655f2dcbfee9ee3e7d3a64954ef9e141b82","UNPAYWALL","USER_ATTESTED","NO","NOT_VERIFIED","https://pubmed.ncbi.nlm.nih.gov/32094151/"
"SUPP-G1-013","SUPPLEMENT_36","P0","网络Meta","","Comparative Efficacy of Different Protein Supplements on Muscle Mass, Strength, and Physical Indices of Sarcopenia among Community-Dwelling, Hospitalized or Institutionalized Older Adults Undergoing Resistance Training: A Network Meta-Analysis of Randomized Controlled Trials.","Nutrients","2024 Mar 25","38612975","PMC11013298","10.3390/nu16070941","SUPP-G1-013_38612975.pdf","pdfs/SUPP-G1-013_38612975.pdf","sources/SUPP-G1-013/originals/source.pdf","3217921","da0fd1ea49b829fe5621df74124ed9cf0653cafe8e299852a38f8cfc31543996","PMC_FULLTEXT_RENDER","USER_ATTESTED","NO","NOT_VERIFIED","https://pubmed.ncbi.nlm.nih.gov/38612975/"
"SUPP-G1-014","SUPPLEMENT_36","P0","Meta分析","","Effects of high-protein supplementation during cancer therapy: a systematic review and meta-analysis.","The American journal of clinical nutrition","2024 Dec","39631998","PMC11619795","10.1016/j.ajcnut.2024.08.016","SUPP-G1-014_39631998.pdf","pdfs/SUPP-G1-014_39631998.pdf","sources/SUPP-G1-014/originals/source.pdf","4066488","cd94271089fcb561db4347eae01d1dcdf96daada5301949f2d51068061078f3e","UNPAYWALL","USER_ATTESTED","NO","NOT_VERIFIED","https://pubmed.ncbi.nlm.nih.gov/39631998/"
"SUPP-G1-015","SUPPLEMENT_36","P0","Meta分析","","Vegetarian Dietary Patterns and Cardiometabolic Risk in People With or at High Risk of Cardiovascular Disease: A Systematic Review and Meta-analysis.","JAMA network open","2023 Jul 03","37490288","PMC10369207","10.1001/jamanetworkopen.2023.25658","SUPP-G1-015_37490288.pdf","pdfs/SUPP-G1-015_37490288.pdf","sources/SUPP-G1-015/originals/source.pdf","1154042","80f2eca36181bc23bb2256d1079b7f6bc03e61f1b35a8e608fbdbf853aed50f2","PMC_FULLTEXT_RENDER","USER_ATTESTED","NO","NOT_VERIFIED","https://pubmed.ncbi.nlm.nih.gov/37490288/"
"SUPP-G1-016","SUPPLEMENT_36","P0","Meta分析","","Effects of omega-3 fatty acid on major cardiovascular outcomes: A systematic review and meta-analysis.","Medicine","2022 Jul 29","35905212","PMC9333496","10.1097/MD.0000000000029556","SUPP-G1-016_35905212.pdf","pdfs/SUPP-G1-016_35905212.pdf","sources/SUPP-G1-016/originals/source.pdf","1589751","310e4ea5db8a0663f21459ca5cf6249670f350e149b13ff7e42d48c13ef7eee7","PMC_FULLTEXT_RENDER","USER_ATTESTED","NO","NOT_VERIFIED","https://pubmed.ncbi.nlm.nih.gov/35905212/"
"SUPP-G1-017","SUPPLEMENT_36","P0","队列","","Association of ultra-processed food consumption with all cause and cause specific mortality: population based cohort study.","BMJ (Clinical research ed.)","2024 May 08","38719536","PMC11077436","10.1136/bmj-2023-078476","SUPP-G1-017_38719536.pdf","pdfs/SUPP-G1-017_38719536.pdf","sources/SUPP-G1-017/originals/source.pdf","1490290","4aab4a5964d1720cca6aa33a82e4e87889b916d7f9ab8d9a849acb0b48948c38","LOCAL_STORAGE","USER_ATTESTED","NO","NOT_VERIFIED","https://pubmed.ncbi.nlm.nih.gov/38719536/"
"SUPP-G1-018","SUPPLEMENT_36","P0","RCT","","Dietary carbohydrate restriction augments weight loss-induced improvements in glycaemic control and liver fat in individuals with type 2 diabetes: a randomised controlled trial.","Diabetologia","2022 Mar","34993571","PMC8739348","10.1007/s00125-021-05628-8","SUPP-G1-018_34993571.pdf","pdfs/SUPP-G1-018_34993571.pdf","sources/SUPP-G1-018/originals/source.pdf","976960","9d5bab7bbefbf43f9246ddac9be77be1381a8ad432208a0acd0507e1b740729f","UNPAYWALL","USER_ATTESTED","NO","NOT_VERIFIED","https://pubmed.ncbi.nlm.nih.gov/34993571/"
"SUPP-G1-019","SUPPLEMENT_36","P1","指南","","ESPEN practical guideline: Clinical nutrition and hydration in geriatrics.","Clinical nutrition (Edinburgh, Scotland)","2022 Apr","35306388","","10.1016/j.clnu.2022.01.024","SUPP-G1-019_35306388.pdf","pdfs/SUPP-G1-019_35306388.pdf","sources/SUPP-G1-019/originals/source.pdf","3087742","d428607bcf5b9a09a5fcecb4a2e88855d3dafbfaf915ea6e1b7527064839c851","UNPAYWALL","USER_ATTESTED","NO","NOT_VERIFIED","https://pubmed.ncbi.nlm.nih.gov/35306388/"
"SUPP-G1-020","SUPPLEMENT_36","P1","指南","","ESPEN practical guideline: Clinical Nutrition in inflammatory bowel disease.","Clinical nutrition (Edinburgh, Scotland)","2020 Mar","32029281","","10.1016/j.clnu.2019.11.002","SUPP-G1-020_32029281.pdf","pdfs/SUPP-G1-020_32029281.pdf","sources/SUPP-G1-020/originals/source.pdf","5367013","82a69b0f41ef8efd4252149e15fb6422237d939b975fe40b40a213d5f359a966","CLINICAL_NUTRITION_CHROME","USER_ATTESTED","NO","NOT_VERIFIED","https://pubmed.ncbi.nlm.nih.gov/32029281/"
"SUPP-G1-021","SUPPLEMENT_36","P1","指南","","ESPEN guideline on Clinical Nutrition in inflammatory bowel disease.","Clinical nutrition (Edinburgh, Scotland)","2023 Mar","36739756","","10.1016/j.clnu.2022.12.004","SUPP-G1-021_36739756.pdf","pdfs/SUPP-G1-021_36739756.pdf","sources/SUPP-G1-021/originals/source.pdf","1109263","7bd8f671acac9cde6d659cc608b7b99b6e4d698817aa1623a44d232903502229","AUTHENTICATED_CHROME","USER_ATTESTED","NO","NOT_VERIFIED","https://pubmed.ncbi.nlm.nih.gov/36739756/"
"SUPP-G1-022","SUPPLEMENT_36","P1","共识","","Management of hyperglycaemia in type 2 diabetes, 2022. A consensus report by the American Diabetes Association (ADA) and the European Association for the Study of Diabetes (EASD).","Diabetologia","2022 Dec","36151309","PMC9510507","10.1007/s00125-022-05787-2","SUPP-G1-022_36151309.pdf","pdfs/SUPP-G1-022_36151309.pdf","sources/SUPP-G1-022/originals/source.pdf","5752712","59c7339c6a89551401e9eea4ec3dd3fb1d248d94ca0b627ede8f27b3bb642e22","UNPAYWALL","USER_ATTESTED","NO","NOT_VERIFIED","https://pubmed.ncbi.nlm.nih.gov/36151309/"
"SUPP-G1-023","SUPPLEMENT_36","P1","诊断共识","","Sarcopenia: revised European consensus on definition and diagnosis.","Age and ageing","2019 Jan 01","30312372","PMC6322506","10.1093/ageing/afy169","SUPP-G1-023_30312372.pdf","pdfs/SUPP-G1-023_30312372.pdf","sources/SUPP-G1-023/originals/source.pdf","2032523","798d553f2195cab65eebb2c6fa17ddc0d9b7568c6c7aaecd0318d33b269deef7","PMC_FULLTEXT_RENDER","USER_ATTESTED","NO","NOT_VERIFIED","https://pubmed.ncbi.nlm.nih.gov/30312372/"
"SUPP-G1-024","SUPPLEMENT_36","P1","精准医学共识","","Second international consensus report on gaps and opportunities for the clinical translation of precision diabetes medicine.","Nature medicine","2023 Oct","37794253","PMC10735053","10.1038/s41591-023-02502-5","SUPP-G1-024_37794253.pdf","pdfs/SUPP-G1-024_37794253.pdf","sources/SUPP-G1-024/originals/source.pdf","1837481","bce92ab5256b16282858cee6abeea237ad12f5480d57b5eab92d82ef4180632d","PUBLISHER_OA","USER_ATTESTED","NO","NOT_VERIFIED","https://pubmed.ncbi.nlm.nih.gov/37794253/"
"SUPP-G1-025","SUPPLEMENT_36","P1","Meta分析","","Vegetarian or vegan diets and blood lipids: a meta-analysis of randomized trials.","European heart journal","2023 Jul 21","37226630","PMC10361023","10.1093/eurheartj/ehad211","SUPP-G1-025_37226630.pdf","pdfs/SUPP-G1-025_37226630.pdf","sources/SUPP-G1-025/originals/source.pdf","1487755","29490f13afae2d31c4e0ef53a2c499e5b0f364cb97689facff537cc3f6348617","PMC_FULLTEXT_RENDER","USER_ATTESTED","NO","NOT_VERIFIED","https://pubmed.ncbi.nlm.nih.gov/37226630/"
"SUPP-G1-026","SUPPLEMENT_36","P1","Meta分析","","The Role of Dietary Fibre in Modulating Gut Microbiota Dysbiosis in Patients with Type 2 Diabetes: A Systematic Review and Meta-Analysis of Randomised Controlled Trials.","Nutrients","2020 Oct 23","33113929","PMC7690692","10.3390/nu12113239","SUPP-G1-026_33113929.pdf","pdfs/SUPP-G1-026_33113929.pdf","sources/SUPP-G1-026/originals/source.pdf","1274457","c63747b034f4ebbe31920c08cd96028882f01cada2652660348cc68aece0adea","OPENALEX","USER_ATTESTED","NO","NOT_VERIFIED","https://pubmed.ncbi.nlm.nih.gov/33113929/"
"SUPP-G1-027","SUPPLEMENT_36","P1","网络Meta","","Diet in secondary prevention: the effect of dietary patterns on cardiovascular risk factors in patients with cardiovascular disease: a systematic review and network meta-analysis.","Nutrition journal","2024 Feb 08","38331867","PMC10851459","10.1186/s12937-024-00922-8","SUPP-G1-027_38331867.pdf","pdfs/SUPP-G1-027_38331867.pdf","sources/SUPP-G1-027/originals/source.pdf","1869191","f1c85218bf1fd4e0699ae8ced9f7c48e10e19f511280bf278295974990893426","PUBLISHER_OA","USER_ATTESTED","NO","NOT_VERIFIED","https://pubmed.ncbi.nlm.nih.gov/38331867/"
"SUPP-G1-028","SUPPLEMENT_36","P1","Meta分析","","Efficacy of the Mediterranean diet in treating metabolic dysfunction-associated steatotic liver disease (MASLD) in children and adolescents: a systematic review and meta-analysis.","BMC public health","2024 Oct 03","39363272","PMC11450996","10.1186/s12889-024-19378-w","SUPP-G1-028_39363272.pdf","pdfs/SUPP-G1-028_39363272.pdf","sources/SUPP-G1-028/originals/source.pdf","3121424","4c2b917ed5ce0fbb461e06c589b24e7b02becd2270b1f59f10f18260900adf50","PUBLISHER_OA","USER_ATTESTED","NO","NOT_VERIFIED","https://pubmed.ncbi.nlm.nih.gov/39363272/"
"SUPP-G1-029","SUPPLEMENT_36","P1","Meta分析","","Comparison of Early Enteral Nutrition Versus Early Parenteral Nutrition in Critically Ill Patients: A Systematic Review and Meta-Analysis.","Nutrients","2024 Dec 24","39796444","PMC11723109","10.3390/nu17010010","SUPP-G1-029_39796444.pdf","pdfs/SUPP-G1-029_39796444.pdf","sources/SUPP-G1-029/originals/source.pdf","1394079","ef9a33cecb8067ca0015f6d562c46bf61f23185bc43da5b0568dfd7951fcd774","PMC_FULLTEXT_RENDER","USER_ATTESTED","NO","NOT_VERIFIED","https://pubmed.ncbi.nlm.nih.gov/39796444/"
"SUPP-G1-030","SUPPLEMENT_36","P1","伞状综述","","Consumption of Nuts and Seeds and Health Outcomes Including Cardiovascular Disease, Diabetes and Metabolic Disease, Cancer, and Mortality: An Umbrella Review.","Advances in nutrition (Bethesda, Md.)","2022 Dec 22","36041171","PMC9776667","10.1093/advances/nmac077","SUPP-G1-030_36041171.pdf","pdfs/SUPP-G1-030_36041171.pdf","sources/SUPP-G1-030/originals/source.pdf","1942824","20075567df8599dd7e07974e91c1a0f1b2861329e61fcc1e11fe9213aa14c678","PMC_FULLTEXT_RENDER","USER_ATTESTED","NO","NOT_VERIFIED","https://pubmed.ncbi.nlm.nih.gov/36041171/"
"SUPP-G1-031","SUPPLEMENT_36","P1","剂量Meta","","Nut consumption and risk of cardiovascular disease, total cancer, all-cause and cause-specific mortality: a systematic review and dose-response meta-analysis of prospective studies.","BMC medicine","2016 Dec 05","27916000","PMC5137221","10.1186/s12916-016-0730-3","SUPP-G1-031_27916000.pdf","pdfs/SUPP-G1-031_27916000.pdf","sources/SUPP-G1-031/originals/source.pdf","1981822","55315510654fe6d61dd60843158a6c2d2e5dc2a153c2f001e6fa848c3c35726b","PUBLISHER_OA","USER_ATTESTED","NO","NOT_VERIFIED","https://pubmed.ncbi.nlm.nih.gov/27916000/"
"SUPP-G1-032","SUPPLEMENT_36","P1","网络Meta","","Interventions to prevent the onset of frailty in adults aged 60 and older (PRAE-Frail): a systematic review and network meta-analysis.","European geriatric medicine","2024 Oct","39060779","PMC11614966","10.1007/s41999-024-01013-x","SUPP-G1-032_39060779.pdf","pdfs/SUPP-G1-032_39060779.pdf","sources/SUPP-G1-032/originals/source.pdf","1052659","5e43c95088f4dd013ae0b894b516a12738c3a2160584a7ea0bcabd820cbe8d89","PMC_FULLTEXT_RENDER","USER_ATTESTED","NO","NOT_VERIFIED","https://pubmed.ncbi.nlm.nih.gov/39060779/"
"SUPP-G1-033","SUPPLEMENT_36","P1","Meta分析","","The effectiveness of protein supplementation combined with resistance exercise programs among community-dwelling older adults with sarcopenia: a systematic review and meta-analysis.","Epidemiology and health","2024","38374703","PMC11369567","10.4178/epih.e2024030","SUPP-G1-033_38374703.pdf","pdfs/SUPP-G1-033_38374703.pdf","sources/SUPP-G1-033/originals/source.pdf","1310981","c5db0e507941d9847a3077872f876b18cd3dca3f6560ba4c14c2e818b8f8f0c5","UNPAYWALL","USER_ATTESTED","NO","NOT_VERIFIED","https://pubmed.ncbi.nlm.nih.gov/38374703/"
"SUPP-G1-034","SUPPLEMENT_36","P1","伞状Meta","","Enteral Nutrition Versus a Combination of Enteral and Parenteral Nutrition in Critically Ill Adult Patients in the Intensive Care Unit: An Overview of Systematic Reviews and Meta-Analysis.","Journal of clinical medicine","2025 Feb 04","39941660","PMC11818211","10.3390/jcm14030991","SUPP-G1-034_39941660.pdf","pdfs/SUPP-G1-034_39941660.pdf","sources/SUPP-G1-034/originals/source.pdf","1052796","0753221cf556f60882faf9a3b397896a1e0a8873e93c14538c00adf83c5a1209","PMC_FULLTEXT_RENDER","USER_ATTESTED","NO","NOT_VERIFIED","https://pubmed.ncbi.nlm.nih.gov/39941660/"
"SUPP-G1-035","SUPPLEMENT_36","P1","RCT","","Effects of Time-Restricted Eating on Nonalcoholic Fatty Liver Disease: The TREATY-FLD Randomized Clinical Trial.","JAMA network open","2023 Mar 01","36930148","PMC10024204","10.1001/jamanetworkopen.2023.3513","SUPP-G1-035_36930148.pdf","pdfs/SUPP-G1-035_36930148.pdf","sources/SUPP-G1-035/originals/source.pdf","1390838","174f7328fedce7946dbea53163296e43f49db3eb041b4af7a73ac765eeba7741","PMC_FULLTEXT_RENDER","USER_ATTESTED","NO","NOT_VERIFIED","https://pubmed.ncbi.nlm.nih.gov/36930148/"
"SUPP-G1-036","SUPPLEMENT_36","P1","次级分析","","Effect of an intensive lifestyle intervention on cystatin C-based kidney function in adults with overweight and obesity: From the PREDIMED-Plus trial.","Journal of internal medicine","2025 Feb","39723807","PMC11771574","10.1111/joim.20038","SUPP-G1-036_39723807.pdf","pdfs/SUPP-G1-036_39723807.pdf","sources/SUPP-G1-036/originals/source.pdf","841371","b77f43d3f0f0e0d6ad611f3bb246d5f06693c488ff20f4166567c47045e61090","PMC_FULLTEXT_RENDER","USER_ATTESTED","NO","NOT_VERIFIED","https://pubmed.ncbi.nlm.nih.gov/39723807/"
