"candidate_id","official_gold100_slot_id","source_title","proposed_stratum","source_subtopic","publication_date","journal","PMID","DOI","PMCID","publication_types","pubmed_url","doi_url","pmc_url","pmc_index_status","full_text_acquisition","license_review","structured_document_status","original_source_version","study_identity_resolution","scientific_eligibility","evidence_anchor_status","agent_extraction_status","expert_annotation_status","gold_qualification","confirmatory_status","challenge_validation","discovery_query","qa_replacement_from_pmid","notes"
"CAND-G100-001","","Time-Restricted Eating in Adults With Metabolic Syndrome : A Randomized Controlled Trial.","primary_interventional","fasting","2024 Nov","Annals of internal medicine","39348690","10.7326/M24-0859","PMC11929607","Journal Article","https://pubmed.ncbi.nlm.nih.gov/39348690/","https://doi.org/10.7326/M24-0859","https://pmc.ncbi.nlm.nih.gov/articles/PMC11929607/","PMCID_INDEXED_RIGHTS_UNCHECKED","NOT_ACQUIRED_OR_REVIEWED","NOT_CHECKED","NOT_PRODUCED","NOT_AUDITED","NOT_AUDITED","PENDING_FULL_TEXT_AND_TYPE_REVIEW","NOT_VERIFIED","NOT_RUN","NOT_STARTED","NOT_GOLD","EXPLORATORY_CANDIDATE_ONLY_NO_FROZEN_SLOT_BINDING","NOT_APPLICABLE","(""time-restricted eating""[ti] OR ""time restricted feeding""[ti]) AND (""randomized controlled trial""[pt] OR randomized[ti] OR randomised[ti]) AND (2020:2026[dp])","",""
"CAND-G100-002","","Effects of Time-Restricted Eating on Weight Loss and Other Metabolic Parameters in Women and Men With Overweight and Obesity: The TREAT Randomized Clinical Trial.","primary_interventional","fasting","2020 Nov 01","JAMA internal medicine","32986097","10.1001/jamainternmed.2020.4153","PMC7522780","Journal Article","https://pubmed.ncbi.nlm.nih.gov/32986097/","https://doi.org/10.1001/jamainternmed.2020.4153","https://pmc.ncbi.nlm.nih.gov/articles/PMC7522780/","PMCID_INDEXED_RIGHTS_UNCHECKED","NOT_ACQUIRED_OR_REVIEWED","NOT_CHECKED","NOT_PRODUCED","NOT_AUDITED","NOT_AUDITED","PENDING_FULL_TEXT_AND_TYPE_REVIEW","NOT_VERIFIED","NOT_RUN","NOT_STARTED","NOT_GOLD","EXPLORATORY_CANDIDATE_ONLY_NO_FROZEN_SLOT_BINDING","NOT_APPLICABLE","(""time-restricted eating""[ti] OR ""time restricted feeding""[ti]) AND (""randomized controlled trial""[pt] OR randomized[ti] OR randomised[ti]) AND (2020:2026[dp])","",""
"CAND-G100-003","","Time-restricted eating with or without low-carbohydrate diet reduces visceral fat and improves metabolic syndrome: A randomized trial.","primary_interventional","fasting","2022 Oct 18","Cell reports. Medicine","36220069","10.1016/j.xcrm.2022.100777","PMC9589024","Randomized Controlled Trial","https://pubmed.ncbi.nlm.nih.gov/36220069/","https://doi.org/10.1016/j.xcrm.2022.100777","https://pmc.ncbi.nlm.nih.gov/articles/PMC9589024/","PMCID_INDEXED_RIGHTS_UNCHECKED","NOT_ACQUIRED_OR_REVIEWED","NOT_CHECKED","NOT_PRODUCED","NOT_AUDITED","NOT_AUDITED","PENDING_FULL_TEXT_AND_TYPE_REVIEW","NOT_VERIFIED","NOT_RUN","NOT_STARTED","NOT_GOLD","EXPLORATORY_CANDIDATE_ONLY_NO_FROZEN_SLOT_BINDING","NOT_APPLICABLE","(""time-restricted eating""[ti] OR ""time restricted feeding""[ti]) AND (""randomized controlled trial""[pt] OR randomized[ti] OR randomised[ti]) AND (2020:2026[dp])","",""
"CAND-G100-004","","Randomized controlled trial for time-restricted eating in healthy volunteers without obesity.","primary_interventional","fasting","2022 Feb 22","Nature communications","35194047","10.1038/s41467-022-28662-5","PMC8864028","Journal Article","https://pubmed.ncbi.nlm.nih.gov/35194047/","https://doi.org/10.1038/s41467-022-28662-5","https://pmc.ncbi.nlm.nih.gov/articles/PMC8864028/","PMCID_INDEXED_RIGHTS_UNCHECKED","NOT_ACQUIRED_OR_REVIEWED","NOT_CHECKED","NOT_PRODUCED","NOT_AUDITED","NOT_AUDITED","PENDING_FULL_TEXT_AND_TYPE_REVIEW","NOT_VERIFIED","NOT_RUN","NOT_STARTED","NOT_GOLD","EXPLORATORY_CANDIDATE_ONLY_NO_FROZEN_SLOT_BINDING","NOT_APPLICABLE","(""time-restricted eating""[ti] OR ""time restricted feeding""[ti]) AND (""randomized controlled trial""[pt] OR randomized[ti] OR randomised[ti]) AND (2020:2026[dp])","",""
"CAND-G100-005","","Effect of Time-Restricted Eating on Weight Loss in Adults With Type 2 Diabetes: A Randomized Clinical Trial.","primary_interventional","fasting","2023 Oct 02","JAMA network open","37889487","10.1001/jamanetworkopen.2023.39337","PMC10611992","Randomized Controlled Trial","https://pubmed.ncbi.nlm.nih.gov/37889487/","https://doi.org/10.1001/jamanetworkopen.2023.39337","https://pmc.ncbi.nlm.nih.gov/articles/PMC10611992/","PMCID_INDEXED_RIGHTS_UNCHECKED","NOT_ACQUIRED_OR_REVIEWED","NOT_CHECKED","NOT_PRODUCED","NOT_AUDITED","NOT_AUDITED","PENDING_FULL_TEXT_AND_TYPE_REVIEW","NOT_VERIFIED","NOT_RUN","NOT_STARTED","NOT_GOLD","EXPLORATORY_CANDIDATE_ONLY_NO_FROZEN_SLOT_BINDING","NOT_APPLICABLE","(""time-restricted eating""[ti] OR ""time restricted feeding""[ti]) AND (""randomized controlled trial""[pt] OR randomized[ti] OR randomised[ti]) AND (2020:2026[dp])","",""
"CAND-G100-006","","Effects of DASH diet with or without time-restricted eating in the management of stage 1 primary hypertension: a randomized controlled trial.","primary_interventional","fasting","2024 Jun 17","Nutrition journal","38886740","10.1186/s12937-024-00967-9","PMC11181626","Journal Article","https://pubmed.ncbi.nlm.nih.gov/38886740/","https://doi.org/10.1186/s12937-024-00967-9","https://pmc.ncbi.nlm.nih.gov/articles/PMC11181626/","PMCID_INDEXED_RIGHTS_UNCHECKED","NOT_ACQUIRED_OR_REVIEWED","NOT_CHECKED","NOT_PRODUCED","NOT_AUDITED","NOT_AUDITED","PENDING_FULL_TEXT_AND_TYPE_REVIEW","NOT_VERIFIED","NOT_RUN","NOT_STARTED","NOT_GOLD","EXPLORATORY_CANDIDATE_ONLY_NO_FROZEN_SLOT_BINDING","NOT_APPLICABLE","(""time-restricted eating""[ti] OR ""time restricted feeding""[ti]) AND (""randomized controlled trial""[pt] OR randomized[ti] OR randomised[ti]) AND (2020:2026[dp])","",""
"CAND-G100-007","","Long-term secondary prevention of cardiovascular disease with a Mediterranean diet and a low-fat diet (CORDIOPREV): a randomised controlled trial.","primary_interventional","low_carbohydrate","2022 May 14","Lancet (London, England)","35525255","10.1016/S0140-6736(22)00122-2","","Journal Article","https://pubmed.ncbi.nlm.nih.gov/35525255/","https://doi.org/10.1016/S0140-6736(22)00122-2","","NO_PMCID_IN_BIBLIOGRAPHY","NOT_ACQUIRED_OR_REVIEWED","NOT_CHECKED","NOT_PRODUCED","NOT_AUDITED","NOT_AUDITED","PENDING_FULL_TEXT_AND_TYPE_REVIEW","NOT_VERIFIED","NOT_RUN","NOT_STARTED","NOT_GOLD","EXPLORATORY_CANDIDATE_ONLY_NO_FROZEN_SLOT_BINDING","NOT_APPLICABLE","(""low carbohydrate""[ti] OR ""low-carbohydrate diet""[ti] OR ""low-fat diet""[ti]) AND (randomized[tiab] OR randomised[tiab]) AND (2018:2026[dp])","",""
"CAND-G100-008","","Effect of Calorie-Unrestricted Low-Carbohydrate, High-Fat Diet Versus High-Carbohydrate, Low-Fat Diet on Type 2 Diabetes and Nonalcoholic Fatty Liver Disease : A Randomized Controlled Trial.","primary_interventional","low_carbohydrate","2023 Jan","Annals of internal medicine","36508737","10.7326/M22-1787","","Randomized Controlled Trial","https://pubmed.ncbi.nlm.nih.gov/36508737/","https://doi.org/10.7326/M22-1787","","NO_PMCID_IN_BIBLIOGRAPHY","NOT_ACQUIRED_OR_REVIEWED","NOT_CHECKED","NOT_PRODUCED","NOT_AUDITED","NOT_AUDITED","PENDING_FULL_TEXT_AND_TYPE_REVIEW","NOT_VERIFIED","NOT_RUN","NOT_STARTED","NOT_GOLD","EXPLORATORY_CANDIDATE_ONLY_NO_FROZEN_SLOT_BINDING","NOT_APPLICABLE","(""low carbohydrate""[ti] OR ""low-carbohydrate diet""[ti] OR ""low-fat diet""[ti]) AND (randomized[tiab] OR randomised[tiab]) AND (2018:2026[dp])","",""
"CAND-G100-009","","Effects of a low-carbohydrate diet on insulin-resistant dyslipoproteinemia-a randomized controlled feeding trial.","primary_interventional","low_carbohydrate","2022 Jan 11","The American journal of clinical nutrition","34582545","10.1093/ajcn/nqab287","PMC8755039","Journal Article","https://pubmed.ncbi.nlm.nih.gov/34582545/","https://doi.org/10.1093/ajcn/nqab287","https://pmc.ncbi.nlm.nih.gov/articles/PMC8755039/","PMCID_INDEXED_RIGHTS_UNCHECKED","NOT_ACQUIRED_OR_REVIEWED","NOT_CHECKED","NOT_PRODUCED","NOT_AUDITED","NOT_AUDITED","PENDING_FULL_TEXT_AND_TYPE_REVIEW","NOT_VERIFIED","NOT_RUN","NOT_STARTED","NOT_GOLD","EXPLORATORY_CANDIDATE_ONLY_NO_FROZEN_SLOT_BINDING","NOT_APPLICABLE","(""low carbohydrate""[ti] OR ""low-carbohydrate diet""[ti] OR ""low-fat diet""[ti]) AND (randomized[tiab] OR randomised[tiab]) AND (2018:2026[dp])","",""
"CAND-G100-010","","Effects of a Low-Carbohydrate Dietary Intervention on Hemoglobin A1c: A Randomized Clinical Trial.","primary_interventional","low_carbohydrate","2022 Oct 03","JAMA network open","36287562","10.1001/jamanetworkopen.2022.38645","PMC9606840","Randomized Controlled Trial","https://pubmed.ncbi.nlm.nih.gov/36287562/","https://doi.org/10.1001/jamanetworkopen.2022.38645","https://pmc.ncbi.nlm.nih.gov/articles/PMC9606840/","PMCID_INDEXED_RIGHTS_UNCHECKED","NOT_ACQUIRED_OR_REVIEWED","NOT_CHECKED","NOT_PRODUCED","NOT_AUDITED","NOT_AUDITED","PENDING_FULL_TEXT_AND_TYPE_REVIEW","NOT_VERIFIED","NOT_RUN","NOT_STARTED","NOT_GOLD","EXPLORATORY_CANDIDATE_ONLY_NO_FROZEN_SLOT_BINDING","NOT_APPLICABLE","(""low carbohydrate""[ti] OR ""low-carbohydrate diet""[ti] OR ""low-fat diet""[ti]) AND (randomized[tiab] OR randomised[tiab]) AND (2018:2026[dp])","",""
"CAND-G100-011","","Low-carbohydrate vegan diets in diabetes for weight loss and sustainability: a randomized controlled trial.","primary_interventional","low_carbohydrate","2022 Nov","The American journal of clinical nutrition","36156115","10.1093/ajcn/nqac203","","Randomized Controlled Trial","https://pubmed.ncbi.nlm.nih.gov/36156115/","https://doi.org/10.1093/ajcn/nqac203","","NO_PMCID_IN_BIBLIOGRAPHY","NOT_ACQUIRED_OR_REVIEWED","NOT_CHECKED","NOT_PRODUCED","NOT_AUDITED","NOT_AUDITED","PENDING_FULL_TEXT_AND_TYPE_REVIEW","NOT_VERIFIED","NOT_RUN","NOT_STARTED","NOT_GOLD","EXPLORATORY_CANDIDATE_ONLY_NO_FROZEN_SLOT_BINDING","NOT_APPLICABLE","(""low carbohydrate""[ti] OR ""low-carbohydrate diet""[ti] OR ""low-fat diet""[ti]) AND (randomized[tiab] OR randomised[tiab]) AND (2018:2026[dp])","",""
"CAND-G100-012","","The effect of dietary approaches to stop hypertension (DASH) diet on fatty liver and cardiovascular risk factors in subjects with metabolic syndrome: a randomized controlled trial.","primary_interventional","DASH","2024 Jul 25","BMC endocrine disorders","39054440","10.1186/s12902-024-01661-x","PMC11270781","Journal Article","https://pubmed.ncbi.nlm.nih.gov/39054440/","https://doi.org/10.1186/s12902-024-01661-x","https://pmc.ncbi.nlm.nih.gov/articles/PMC11270781/","PMCID_INDEXED_RIGHTS_UNCHECKED","NOT_ACQUIRED_OR_REVIEWED","NOT_CHECKED","NOT_PRODUCED","NOT_AUDITED","NOT_AUDITED","PENDING_FULL_TEXT_AND_TYPE_REVIEW","NOT_VERIFIED","NOT_RUN","NOT_STARTED","NOT_GOLD","EXPLORATORY_CANDIDATE_ONLY_NO_FROZEN_SLOT_BINDING","NOT_APPLICABLE","(""DASH diet""[tiab] OR ""dietary approaches to stop hypertension""[tiab]) AND (randomized controlled trial[pt] OR randomized[ti]) AND (2015:2026[dp])","",""
"CAND-G100-013","","DASH vs. Mediterranean diet on a salt restriction background in adults with high normal blood pressure or grade 1 hypertension: A randomized controlled trial.","primary_interventional","DASH","2023 Oct","Clinical nutrition (Edinburgh, Scotland)","37625311","10.1016/j.clnu.2023.08.011","","Randomized Controlled Trial","https://pubmed.ncbi.nlm.nih.gov/37625311/","https://doi.org/10.1016/j.clnu.2023.08.011","","NO_PMCID_IN_BIBLIOGRAPHY","NOT_ACQUIRED_OR_REVIEWED","NOT_CHECKED","NOT_PRODUCED","NOT_AUDITED","NOT_AUDITED","PENDING_FULL_TEXT_AND_TYPE_REVIEW","NOT_VERIFIED","NOT_RUN","NOT_STARTED","NOT_GOLD","EXPLORATORY_CANDIDATE_ONLY_NO_FROZEN_SLOT_BINDING","NOT_APPLICABLE","(""DASH diet""[tiab] OR ""dietary approaches to stop hypertension""[tiab]) AND (randomized controlled trial[pt] OR randomized[ti]) AND (2015:2026[dp])","",""
"CAND-G100-014","","Development of a Health Behavioral Digital Intervention for Patients With Hypertension Based on an Intelligent Health Promotion System and WeChat: Randomized Controlled Trial.","primary_interventional","DASH","2024 Apr 05","JMIR mHealth and uHealth","38578692","10.2196/53006","PMC11031705","Randomized Controlled Trial","https://pubmed.ncbi.nlm.nih.gov/38578692/","https://doi.org/10.2196/53006","https://pmc.ncbi.nlm.nih.gov/articles/PMC11031705/","PMCID_INDEXED_RIGHTS_UNCHECKED","NOT_ACQUIRED_OR_REVIEWED","NOT_CHECKED","NOT_PRODUCED","NOT_AUDITED","NOT_AUDITED","PENDING_FULL_TEXT_AND_TYPE_REVIEW","NOT_VERIFIED","NOT_RUN","NOT_STARTED","NOT_GOLD","EXPLORATORY_CANDIDATE_ONLY_NO_FROZEN_SLOT_BINDING","NOT_APPLICABLE","(""DASH diet""[tiab] OR ""dietary approaches to stop hypertension""[tiab]) AND (randomized controlled trial[pt] OR randomized[ti]) AND (2015:2026[dp])","",""
"CAND-G100-015","","Effect of a ketogenic diet versus Mediterranean diet on glycated hemoglobin in individuals with prediabetes and type 2 diabetes mellitus: The interventional Keto-Med randomized crossover trial.","primary_interventional","Mediterranean","2022 Sep 02","The American journal of clinical nutrition","35641199","10.1093/ajcn/nqac154","PMC9437985","Journal Article","https://pubmed.ncbi.nlm.nih.gov/35641199/","https://doi.org/10.1093/ajcn/nqac154","https://pmc.ncbi.nlm.nih.gov/articles/PMC9437985/","PMCID_INDEXED_RIGHTS_UNCHECKED","NOT_ACQUIRED_OR_REVIEWED","NOT_CHECKED","NOT_PRODUCED","NOT_AUDITED","NOT_AUDITED","PENDING_FULL_TEXT_AND_TYPE_REVIEW","NOT_VERIFIED","NOT_RUN","NOT_STARTED","NOT_GOLD","EXPLORATORY_CANDIDATE_ONLY_NO_FROZEN_SLOT_BINDING","NOT_APPLICABLE","(""Mediterranean diet""[ti]) AND (randomized[tiab] OR randomised[tiab] OR randomized controlled trial[pt]) AND (2019:2026[dp])","",""
"CAND-G100-016","","A Randomized Trial Comparing the Specific Carbohydrate Diet to a Mediterranean Diet in Adults With Crohn's Disease.","primary_interventional","Mediterranean","2021 Sep","Gastroenterology","34052278","10.1053/j.gastro.2021.05.047","PMC8396394","Comparative Study","https://pubmed.ncbi.nlm.nih.gov/34052278/","https://doi.org/10.1053/j.gastro.2021.05.047","https://pmc.ncbi.nlm.nih.gov/articles/PMC8396394/","PMCID_INDEXED_RIGHTS_UNCHECKED","NOT_ACQUIRED_OR_REVIEWED","NOT_CHECKED","NOT_PRODUCED","NOT_AUDITED","NOT_AUDITED","PENDING_FULL_TEXT_AND_TYPE_REVIEW","NOT_VERIFIED","NOT_RUN","NOT_STARTED","NOT_GOLD","EXPLORATORY_CANDIDATE_ONLY_NO_FROZEN_SLOT_BINDING","NOT_APPLICABLE","(""Mediterranean diet""[ti]) AND (randomized[tiab] OR randomised[tiab] OR randomized controlled trial[pt]) AND (2019:2026[dp])","",""
"CAND-G100-017","","Mediterranean Diet and Patients With Psoriasis: The MEDIPSO Randomized Clinical Trial.","primary_interventional","Mediterranean","2025 Dec 01","JAMA dermatology","40991259","10.1001/jamadermatol.2025.3410","PMC12461594","Journal Article","https://pubmed.ncbi.nlm.nih.gov/40991259/","https://doi.org/10.1001/jamadermatol.2025.3410","https://pmc.ncbi.nlm.nih.gov/articles/PMC12461594/","PMCID_INDEXED_RIGHTS_UNCHECKED","NOT_ACQUIRED_OR_REVIEWED","NOT_CHECKED","NOT_PRODUCED","NOT_AUDITED","NOT_AUDITED","PENDING_FULL_TEXT_AND_TYPE_REVIEW","NOT_VERIFIED","NOT_RUN","NOT_STARTED","NOT_GOLD","EXPLORATORY_CANDIDATE_ONLY_NO_FROZEN_SLOT_BINDING","NOT_APPLICABLE","(""Mediterranean diet""[ti]) AND (randomized[tiab] OR randomised[tiab] OR randomized controlled trial[pt]) AND (2019:2026[dp])","",""
"CAND-G100-018","","Effect of green-Mediterranean diet on intrahepatic fat: the DIRECT PLUS randomised controlled trial.","primary_interventional","Mediterranean","2021 Nov","Gut","33461965","10.1136/gutjnl-2020-323106","PMC8515100","Journal Article","https://pubmed.ncbi.nlm.nih.gov/33461965/","https://doi.org/10.1136/gutjnl-2020-323106","https://pmc.ncbi.nlm.nih.gov/articles/PMC8515100/","PMCID_INDEXED_RIGHTS_UNCHECKED","NOT_ACQUIRED_OR_REVIEWED","NOT_CHECKED","NOT_PRODUCED","NOT_AUDITED","NOT_AUDITED","PENDING_FULL_TEXT_AND_TYPE_REVIEW","NOT_VERIFIED","NOT_RUN","NOT_STARTED","NOT_GOLD","EXPLORATORY_CANDIDATE_ONLY_NO_FROZEN_SLOT_BINDING","NOT_APPLICABLE","(""Mediterranean diet""[ti]) AND (randomized[tiab] OR randomised[tiab] OR randomized controlled trial[pt]) AND (2019:2026[dp])","",""
"CAND-G100-019","","An AI-Powered Lifestyle Intervention vs Human Coaching in the Diabetes Prevention Program: A Randomized Clinical Trial.","primary_interventional","type2_diabetes","2025 Dec 16","JAMA","41144242","10.1001/jama.2025.19563","PMC12560030","Clinical Trial, Phase III","https://pubmed.ncbi.nlm.nih.gov/41144242/","https://doi.org/10.1001/jama.2025.19563","https://pmc.ncbi.nlm.nih.gov/articles/PMC12560030/","PMCID_INDEXED_RIGHTS_UNCHECKED","NOT_ACQUIRED_OR_REVIEWED","NOT_CHECKED","NOT_PRODUCED","NOT_AUDITED","NOT_AUDITED","PENDING_FULL_TEXT_AND_TYPE_REVIEW","NOT_VERIFIED","NOT_RUN","NOT_STARTED","NOT_GOLD","EXPLORATORY_CANDIDATE_ONLY_NO_FROZEN_SLOT_BINDING","NOT_APPLICABLE","(""dietary intervention""[ti] OR ""lifestyle intervention""[ti]) AND (type 2 diabetes[tiab] OR prediabetes[tiab]) AND randomized[tiab] AND (2019:2026[dp])","",""
"CAND-G100-020","","Different Effects of Lifestyle Intervention in High- and Low-Risk Prediabetes: Results of the Randomized Controlled Prediabetes Lifestyle Intervention Study (PLIS).","primary_interventional","type2_diabetes","2021 Dec","Diabetes","34531293","10.2337/db21-0526","","Journal Article","https://pubmed.ncbi.nlm.nih.gov/34531293/","https://doi.org/10.2337/db21-0526","","NO_PMCID_IN_BIBLIOGRAPHY","NOT_ACQUIRED_OR_REVIEWED","NOT_CHECKED","NOT_PRODUCED","NOT_AUDITED","NOT_AUDITED","PENDING_FULL_TEXT_AND_TYPE_REVIEW","NOT_VERIFIED","NOT_RUN","NOT_STARTED","NOT_GOLD","EXPLORATORY_CANDIDATE_ONLY_NO_FROZEN_SLOT_BINDING","NOT_APPLICABLE","(""dietary intervention""[ti] OR ""lifestyle intervention""[ti]) AND (type 2 diabetes[tiab] OR prediabetes[tiab]) AND randomized[tiab] AND (2019:2026[dp])","",""
"CAND-G100-021","","Effects of personalized diets by prediction of glycemic responses on glycemic control and metabolic health in newly diagnosed T2DM: a randomized dietary intervention pilot trial.","primary_interventional","type2_diabetes","2022 Feb 09","BMC medicine","35135549","10.1186/s12916-022-02254-y","PMC8826661","Journal Article","https://pubmed.ncbi.nlm.nih.gov/35135549/","https://doi.org/10.1186/s12916-022-02254-y","https://pmc.ncbi.nlm.nih.gov/articles/PMC8826661/","PMCID_INDEXED_RIGHTS_UNCHECKED","NOT_ACQUIRED_OR_REVIEWED","NOT_CHECKED","NOT_PRODUCED","NOT_AUDITED","NOT_AUDITED","PENDING_FULL_TEXT_AND_TYPE_REVIEW","NOT_VERIFIED","NOT_RUN","NOT_STARTED","NOT_GOLD","EXPLORATORY_CANDIDATE_ONLY_NO_FROZEN_SLOT_BINDING","NOT_APPLICABLE","(""dietary intervention""[ti] OR ""lifestyle intervention""[ti]) AND (type 2 diabetes[tiab] OR prediabetes[tiab]) AND randomized[tiab] AND (2019:2026[dp])","",""
"CAND-G100-022","","The effect of daily protein supplementation, with or without resistance training for 1 year, on muscle size, strength, and function in healthy older adults: A randomized controlled trial.","primary_interventional","protein_aging","2021 Apr 06","The American journal of clinical nutrition","33564844","10.1093/ajcn/nqaa372","","Journal Article","https://pubmed.ncbi.nlm.nih.gov/33564844/","https://doi.org/10.1093/ajcn/nqaa372","","NO_PMCID_IN_BIBLIOGRAPHY","NOT_ACQUIRED_OR_REVIEWED","NOT_CHECKED","NOT_PRODUCED","NOT_AUDITED","NOT_AUDITED","PENDING_FULL_TEXT_AND_TYPE_REVIEW","NOT_VERIFIED","NOT_RUN","NOT_STARTED","NOT_GOLD","EXPLORATORY_CANDIDATE_ONLY_NO_FROZEN_SLOT_BINDING","NOT_APPLICABLE","(""protein supplementation""[tiab] OR ""protein intake""[ti]) AND (sarcopenia[tiab] OR older adults[tiab]) AND randomized[tiab] AND (2020:2026[dp])","",""
"CAND-G100-023","","De-Training Effects Following Leucine-Enriched Whey Protein Supplementation and Resistance Training in Older Adults with Sarcopenia: A Randomized Controlled Trial with 24 Weeks of Follow-Up.","primary_interventional","protein_aging","2022","The journal of nutrition, health & aging","36437767","10.1007/s12603-022-1853-1","","Randomized Controlled Trial","https://pubmed.ncbi.nlm.nih.gov/36437767/","https://doi.org/10.1007/s12603-022-1853-1","","NO_PMCID_IN_BIBLIOGRAPHY","NOT_ACQUIRED_OR_REVIEWED","NOT_CHECKED","NOT_PRODUCED","NOT_AUDITED","NOT_AUDITED","PENDING_FULL_TEXT_AND_TYPE_REVIEW","NOT_VERIFIED","NOT_RUN","NOT_STARTED","NOT_GOLD","EXPLORATORY_CANDIDATE_ONLY_NO_FROZEN_SLOT_BINDING","NOT_APPLICABLE","(""protein supplementation""[tiab] OR ""protein intake""[ti]) AND (sarcopenia[tiab] OR older adults[tiab]) AND randomized[tiab] AND (2020:2026[dp])","",""
"CAND-G100-024","","The effects of whey, pea, and collagen protein supplementation beyond the recommended dietary allowance on integrated myofibrillar protein synthetic rates in older males: a randomized controlled trial.","primary_interventional","protein_aging","2024 Jul","The American journal of clinical nutrition","38762187","10.1016/j.ajcnut.2024.05.009","PMC11291473","Journal Article","https://pubmed.ncbi.nlm.nih.gov/38762187/","https://doi.org/10.1016/j.ajcnut.2024.05.009","https://pmc.ncbi.nlm.nih.gov/articles/PMC11291473/","PMCID_INDEXED_RIGHTS_UNCHECKED","NOT_ACQUIRED_OR_REVIEWED","NOT_CHECKED","NOT_PRODUCED","NOT_AUDITED","NOT_AUDITED","PENDING_FULL_TEXT_AND_TYPE_REVIEW","NOT_VERIFIED","NOT_RUN","NOT_STARTED","NOT_GOLD","EXPLORATORY_CANDIDATE_ONLY_NO_FROZEN_SLOT_BINDING","NOT_APPLICABLE","(""protein supplementation""[tiab] OR ""protein intake""[ti]) AND (sarcopenia[tiab] OR older adults[tiab]) AND randomized[tiab] AND (2020:2026[dp])","",""
"CAND-G100-025","","Effects of an Exercise and Nutritional Intervention on Circulating Biomarkers and Metabolomic Profiling During Adjuvant Treatment for Localized Breast Cancer: Results From the PASAPAS Feasibility Randomized Controlled Trial.","primary_interventional","clinical_nutrition_cancer","2021","Integrative cancer therapies","33655799","10.1177/1534735420977666","PMC7934026","Journal Article","https://pubmed.ncbi.nlm.nih.gov/33655799/","https://doi.org/10.1177/1534735420977666","https://pmc.ncbi.nlm.nih.gov/articles/PMC7934026/","PMCID_INDEXED_RIGHTS_UNCHECKED","NOT_ACQUIRED_OR_REVIEWED","NOT_CHECKED","NOT_PRODUCED","NOT_AUDITED","NOT_AUDITED","PENDING_FULL_TEXT_AND_TYPE_REVIEW","NOT_VERIFIED","NOT_RUN","NOT_STARTED","NOT_GOLD","EXPLORATORY_CANDIDATE_ONLY_NO_FROZEN_SLOT_BINDING","NOT_APPLICABLE","(cancer[ti] OR oncology[ti]) AND (""nutrition support""[ti] OR ""nutritional intervention""[ti] OR ""dietary intervention""[ti]) AND (randomized[tiab] OR randomised[tiab]) AND (2018:2026[dp])","",""
"CAND-G100-026","","Effect of Early Peripheral Parenteral Nutrition Support in an Enhanced Recovery Program for Colorectal Cancer Surgery: A Randomized Open Trial.","primary_interventional","clinical_nutrition_cancer","2021 Aug 18","Journal of clinical medicine","34441942","10.3390/jcm10163647","PMC8396922","Journal Article","https://pubmed.ncbi.nlm.nih.gov/34441942/","https://doi.org/10.3390/jcm10163647","https://pmc.ncbi.nlm.nih.gov/articles/PMC8396922/","PMCID_INDEXED_RIGHTS_UNCHECKED","NOT_ACQUIRED_OR_REVIEWED","NOT_CHECKED","NOT_PRODUCED","NOT_AUDITED","NOT_AUDITED","PENDING_FULL_TEXT_AND_TYPE_REVIEW","NOT_VERIFIED","NOT_RUN","NOT_STARTED","NOT_GOLD","EXPLORATORY_CANDIDATE_ONLY_NO_FROZEN_SLOT_BINDING","NOT_APPLICABLE","(cancer[ti] OR oncology[ti]) AND (""nutrition support""[ti] OR ""nutritional intervention""[ti] OR ""dietary intervention""[ti]) AND (randomized[tiab] OR randomised[tiab]) AND (2018:2026[dp])","",""
"CAND-G100-027","","A population health dietary intervention for African American adults with chronic kidney disease: The Fruit and Veggies for Kidney Health randomized study.","primary_interventional","kidney_nutrition","2020 Mar","Contemporary clinical trials communications","32090186","10.1016/j.conctc.2020.100540","PMC7026290","Journal Article","https://pubmed.ncbi.nlm.nih.gov/32090186/","https://doi.org/10.1016/j.conctc.2020.100540","https://pmc.ncbi.nlm.nih.gov/articles/PMC7026290/","PMCID_INDEXED_RIGHTS_UNCHECKED","NOT_ACQUIRED_OR_REVIEWED","NOT_CHECKED","NOT_PRODUCED","NOT_AUDITED","NOT_AUDITED","PENDING_FULL_TEXT_AND_TYPE_REVIEW","NOT_VERIFIED","NOT_RUN","NOT_STARTED","NOT_GOLD","EXPLORATORY_CANDIDATE_ONLY_NO_FROZEN_SLOT_BINDING","NOT_APPLICABLE","(""chronic kidney disease""[tiab]) AND (""protein restriction""[tiab] OR ""dietary intervention""[ti] OR ""dietary protein""[ti]) AND randomized[tiab] AND (2018:2026[dp])","",""
"CAND-G100-028","","Effect of essential amino acid кetoanalogues and protein restriction diet on morphogenetic proteins (FGF-23 and Кlotho) in 3b-4 stages chronic кidney disease patients: a randomized pilot study.","primary_interventional","kidney_nutrition","2018 Dec","Clinical and experimental nephrology","29948444","10.1007/s10157-018-1591-1","","Comparative Study","https://pubmed.ncbi.nlm.nih.gov/29948444/","https://doi.org/10.1007/s10157-018-1591-1","","NO_PMCID_IN_BIBLIOGRAPHY","NOT_ACQUIRED_OR_REVIEWED","NOT_CHECKED","NOT_PRODUCED","NOT_AUDITED","NOT_AUDITED","PENDING_FULL_TEXT_AND_TYPE_REVIEW","NOT_VERIFIED","NOT_RUN","NOT_STARTED","NOT_GOLD","EXPLORATORY_CANDIDATE_ONLY_NO_FROZEN_SLOT_BINDING","NOT_APPLICABLE","(""chronic kidney disease""[tiab]) AND (""protein restriction""[tiab] OR ""dietary intervention""[ti] OR ""dietary protein""[ti]) AND randomized[tiab] AND (2018:2026[dp])","",""
"CAND-G100-029","","Ultra-processed food intake and risk of cardiovascular disease: prospective cohort study (NutriNet-Santé).","primary_observational","ultraprocessed","2019 May 29","BMJ (Clinical research ed.)","31142457","10.1136/bmj.l1451","PMC6538975","Journal Article","https://pubmed.ncbi.nlm.nih.gov/31142457/","https://doi.org/10.1136/bmj.l1451","https://pmc.ncbi.nlm.nih.gov/articles/PMC6538975/","PMCID_INDEXED_RIGHTS_UNCHECKED","NOT_ACQUIRED_OR_REVIEWED","NOT_CHECKED","NOT_PRODUCED","NOT_AUDITED","NOT_AUDITED","PENDING_FULL_TEXT_AND_TYPE_REVIEW","NOT_VERIFIED","NOT_RUN","NOT_STARTED","NOT_GOLD","EXPLORATORY_CANDIDATE_ONLY_NO_FROZEN_SLOT_BINDING","NOT_APPLICABLE","(""ultra-processed""[ti] OR ""ultraprocessed""[ti]) AND (cohort[ti] OR prospective[ti]) AND (2018:2026[dp])","",""
"CAND-G100-030","","Ultra-Processed Food Consumption and Risk of Type 2 Diabetes: Three Large Prospective U.S. Cohort Studies.","primary_observational","ultraprocessed","2023 Jul 01","Diabetes care","36854188","10.2337/dc22-1993","PMC10300524","Journal Article","https://pubmed.ncbi.nlm.nih.gov/36854188/","https://doi.org/10.2337/dc22-1993","https://pmc.ncbi.nlm.nih.gov/articles/PMC10300524/","PMCID_INDEXED_RIGHTS_UNCHECKED","NOT_ACQUIRED_OR_REVIEWED","NOT_CHECKED","NOT_PRODUCED","NOT_AUDITED","NOT_AUDITED","PENDING_FULL_TEXT_AND_TYPE_REVIEW","NOT_VERIFIED","NOT_RUN","NOT_STARTED","NOT_GOLD","EXPLORATORY_CANDIDATE_ONLY_NO_FROZEN_SLOT_BINDING","NOT_APPLICABLE","(""ultra-processed""[ti] OR ""ultraprocessed""[ti]) AND (cohort[ti] OR prospective[ti]) AND (2018:2026[dp])","",""
"CAND-G100-031","","Consumption of ultra-processed foods and cancer risk: results from NutriNet-Santé prospective cohort.","primary_observational","ultraprocessed","2018 Feb 14","BMJ (Clinical research ed.)","29444771","10.1136/bmj.k322","PMC5811844","Journal Article","https://pubmed.ncbi.nlm.nih.gov/29444771/","https://doi.org/10.1136/bmj.k322","https://pmc.ncbi.nlm.nih.gov/articles/PMC5811844/","PMCID_INDEXED_RIGHTS_UNCHECKED","NOT_ACQUIRED_OR_REVIEWED","NOT_CHECKED","NOT_PRODUCED","NOT_AUDITED","NOT_AUDITED","PENDING_FULL_TEXT_AND_TYPE_REVIEW","NOT_VERIFIED","NOT_RUN","NOT_STARTED","NOT_GOLD","EXPLORATORY_CANDIDATE_ONLY_NO_FROZEN_SLOT_BINDING","NOT_APPLICABLE","(""ultra-processed""[ti] OR ""ultraprocessed""[ti]) AND (cohort[ti] OR prospective[ti]) AND (2018:2026[dp])","",""
"CAND-G100-032","","Ultra-processed food consumption and type 2 diabetes incidence: A prospective cohort study.","primary_observational","ultraprocessed","2021 May","Clinical nutrition (Edinburgh, Scotland)","33388205","10.1016/j.clnu.2020.12.018","","Journal Article","https://pubmed.ncbi.nlm.nih.gov/33388205/","https://doi.org/10.1016/j.clnu.2020.12.018","","NO_PMCID_IN_BIBLIOGRAPHY","NOT_ACQUIRED_OR_REVIEWED","NOT_CHECKED","NOT_PRODUCED","NOT_AUDITED","NOT_AUDITED","PENDING_FULL_TEXT_AND_TYPE_REVIEW","NOT_VERIFIED","NOT_RUN","NOT_STARTED","NOT_GOLD","EXPLORATORY_CANDIDATE_ONLY_NO_FROZEN_SLOT_BINDING","NOT_APPLICABLE","(""ultra-processed""[ti] OR ""ultraprocessed""[ti]) AND (cohort[ti] OR prospective[ti]) AND (2018:2026[dp])","",""
"CAND-G100-033","","Ultra-processed food consumption and risk of obesity: a prospective cohort study of UK Biobank.","primary_observational","ultraprocessed","2021 Jun","European journal of nutrition","33070213","10.1007/s00394-020-02367-1","PMC8137628","Journal Article","https://pubmed.ncbi.nlm.nih.gov/33070213/","https://doi.org/10.1007/s00394-020-02367-1","https://pmc.ncbi.nlm.nih.gov/articles/PMC8137628/","PMCID_INDEXED_RIGHTS_UNCHECKED","NOT_ACQUIRED_OR_REVIEWED","NOT_CHECKED","NOT_PRODUCED","NOT_AUDITED","NOT_AUDITED","PENDING_FULL_TEXT_AND_TYPE_REVIEW","NOT_VERIFIED","NOT_RUN","NOT_STARTED","NOT_GOLD","EXPLORATORY_CANDIDATE_ONLY_NO_FROZEN_SLOT_BINDING","NOT_APPLICABLE","(""ultra-processed""[ti] OR ""ultraprocessed""[ti]) AND (cohort[ti] OR prospective[ti]) AND (2018:2026[dp])","",""
"CAND-G100-034","","Dietary protein intake in midlife in relation to healthy aging - results from the prospective Nurses' Health Study cohort.","primary_observational","protein_aging","2024 Feb","The American journal of clinical nutrition","38309825","10.1016/j.ajcnut.2023.11.010","PMC10884611","Journal Article","https://pubmed.ncbi.nlm.nih.gov/38309825/","https://doi.org/10.1016/j.ajcnut.2023.11.010","https://pmc.ncbi.nlm.nih.gov/articles/PMC10884611/","PMCID_INDEXED_RIGHTS_UNCHECKED","NOT_ACQUIRED_OR_REVIEWED","NOT_CHECKED","NOT_PRODUCED","NOT_AUDITED","NOT_AUDITED","PENDING_FULL_TEXT_AND_TYPE_REVIEW","NOT_VERIFIED","NOT_RUN","NOT_STARTED","NOT_GOLD","EXPLORATORY_CANDIDATE_ONLY_NO_FROZEN_SLOT_BINDING","NOT_APPLICABLE","(""protein intake""[ti] OR ""dietary protein""[ti]) AND (cohort[ti] OR prospective[ti]) AND (older[tiab] OR frailty[tiab] OR aging[tiab])","",""
"CAND-G100-035","","Dietary protein intake and body composition, sarcopenia and sarcopenic obesity: A prospective population-based study.","primary_observational","protein_aging","2025 Oct","Clinical nutrition (Edinburgh, Scotland)","40845421","10.1016/j.clnu.2025.07.033","","Journal Article","https://pubmed.ncbi.nlm.nih.gov/40845421/","https://doi.org/10.1016/j.clnu.2025.07.033","","NO_PMCID_IN_BIBLIOGRAPHY","NOT_ACQUIRED_OR_REVIEWED","NOT_CHECKED","NOT_PRODUCED","NOT_AUDITED","NOT_AUDITED","PENDING_FULL_TEXT_AND_TYPE_REVIEW","NOT_VERIFIED","NOT_RUN","NOT_STARTED","NOT_GOLD","EXPLORATORY_CANDIDATE_ONLY_NO_FROZEN_SLOT_BINDING","NOT_APPLICABLE","(""protein intake""[ti] OR ""dietary protein""[ti]) AND (cohort[ti] OR prospective[ti]) AND (older[tiab] OR frailty[tiab] OR aging[tiab])","",""
"CAND-G100-036","","Protein Intake and Risk of Falls: A Prospective Analysis in Older Adults.","primary_observational","protein_aging","2019 Feb","Journal of the American Geriatrics Society","30517767","10.1111/jgs.15681","","Evaluation Study","https://pubmed.ncbi.nlm.nih.gov/30517767/","https://doi.org/10.1111/jgs.15681","","NO_PMCID_IN_BIBLIOGRAPHY","NOT_ACQUIRED_OR_REVIEWED","NOT_CHECKED","NOT_PRODUCED","NOT_AUDITED","NOT_AUDITED","PENDING_FULL_TEXT_AND_TYPE_REVIEW","NOT_VERIFIED","NOT_RUN","NOT_STARTED","NOT_GOLD","EXPLORATORY_CANDIDATE_ONLY_NO_FROZEN_SLOT_BINDING","NOT_APPLICABLE","(""protein intake""[ti] OR ""dietary protein""[ti]) AND (cohort[ti] OR prospective[ti]) AND (older[tiab] OR frailty[tiab] OR aging[tiab])","",""
"CAND-G100-037","","Use of Insoluble Dietary Fiber and Probiotics for Bowel Preparation Before Colonoscopy: A Prospective Study.","primary_observational","fiber","2022 Feb 24","Surgical laparoscopy, endoscopy & percutaneous techniques","35202009","10.1097/SLE.0000000000000995","PMC8969843","Journal Article","https://pubmed.ncbi.nlm.nih.gov/35202009/","https://doi.org/10.1097/SLE.0000000000000995","https://pmc.ncbi.nlm.nih.gov/articles/PMC8969843/","PMCID_INDEXED_RIGHTS_UNCHECKED","NOT_ACQUIRED_OR_REVIEWED","NOT_CHECKED","NOT_PRODUCED","NOT_AUDITED","NOT_AUDITED","PENDING_FULL_TEXT_AND_TYPE_REVIEW","NOT_VERIFIED","NOT_RUN","NOT_STARTED","NOT_GOLD","EXPLORATORY_CANDIDATE_ONLY_NO_FROZEN_SLOT_BINDING","NOT_APPLICABLE","(""dietary fiber""[ti] OR ""dietary fibre""[ti]) AND (cohort[ti] OR prospective[ti]) AND (2018:2026[dp])","",""
"CAND-G100-038","","Dietary fiber intake and mortality among survivors of liver cirrhosis: A prospective cohort study.","primary_observational","fiber","2023 Jun","Heliyon","37251456","10.1016/j.heliyon.2023.e16170","PMC10220317","Journal Article","https://pubmed.ncbi.nlm.nih.gov/37251456/","https://doi.org/10.1016/j.heliyon.2023.e16170","https://pmc.ncbi.nlm.nih.gov/articles/PMC10220317/","PMCID_INDEXED_RIGHTS_UNCHECKED","NOT_ACQUIRED_OR_REVIEWED","NOT_CHECKED","NOT_PRODUCED","NOT_AUDITED","NOT_AUDITED","PENDING_FULL_TEXT_AND_TYPE_REVIEW","NOT_VERIFIED","NOT_RUN","NOT_STARTED","NOT_GOLD","EXPLORATORY_CANDIDATE_ONLY_NO_FROZEN_SLOT_BINDING","NOT_APPLICABLE","(""dietary fiber""[ti] OR ""dietary fibre""[ti]) AND (cohort[ti] OR prospective[ti]) AND (2018:2026[dp])","",""
"CAND-G100-039","","Maternal Dietary Fiber Intake During Lactation and Human Milk Oligosaccharide Fucosylation: a PRIMA Birth Cohort Study.","primary_observational","fiber","2025 Oct","Molecular nutrition & food research","40583481","10.1002/mnfr.70165","PMC12538538","Journal Article","https://pubmed.ncbi.nlm.nih.gov/40583481/","https://doi.org/10.1002/mnfr.70165","https://pmc.ncbi.nlm.nih.gov/articles/PMC12538538/","PMCID_INDEXED_RIGHTS_UNCHECKED","NOT_ACQUIRED_OR_REVIEWED","NOT_CHECKED","NOT_PRODUCED","NOT_AUDITED","NOT_AUDITED","PENDING_FULL_TEXT_AND_TYPE_REVIEW","NOT_VERIFIED","NOT_RUN","NOT_STARTED","NOT_GOLD","EXPLORATORY_CANDIDATE_ONLY_NO_FROZEN_SLOT_BINDING","NOT_APPLICABLE","(""dietary fiber""[ti] OR ""dietary fibre""[ti]) AND (cohort[ti] OR prospective[ti]) AND (2018:2026[dp])","",""
"CAND-G100-040","","Sodium intake and urinary losses in children on dialysis: a European multicenter prospective study.","primary_observational","sodium","2023 Oct","Pediatric nephrology (Berlin, Germany)","36988689","10.1007/s00467-023-05932-y","","Multicenter Study","https://pubmed.ncbi.nlm.nih.gov/36988689/","https://doi.org/10.1007/s00467-023-05932-y","","NO_PMCID_IN_BIBLIOGRAPHY","NOT_ACQUIRED_OR_REVIEWED","NOT_CHECKED","NOT_PRODUCED","NOT_AUDITED","NOT_AUDITED","PENDING_FULL_TEXT_AND_TYPE_REVIEW","NOT_VERIFIED","NOT_RUN","NOT_STARTED","NOT_GOLD","EXPLORATORY_CANDIDATE_ONLY_NO_FROZEN_SLOT_BINDING","NOT_APPLICABLE","(""sodium intake""[ti] OR ""urinary sodium""[ti]) AND (cohort[ti] OR prospective[ti]) AND (2015:2026[dp])","",""
"CAND-G100-041","","Multiple measurements of the urinary sodium-to-potassium ratio strongly related home hypertension: TMM Cohort Study.","primary_observational","sodium","2020 Jan","Hypertension research : official journal of the Japanese Society of Hypertension","31562419","10.1038/s41440-019-0335-2","PMC8076007","Journal Article","https://pubmed.ncbi.nlm.nih.gov/31562419/","https://doi.org/10.1038/s41440-019-0335-2","https://pmc.ncbi.nlm.nih.gov/articles/PMC8076007/","PMCID_INDEXED_RIGHTS_UNCHECKED","NOT_ACQUIRED_OR_REVIEWED","NOT_CHECKED","NOT_PRODUCED","NOT_AUDITED","NOT_AUDITED","PENDING_FULL_TEXT_AND_TYPE_REVIEW","NOT_VERIFIED","NOT_RUN","NOT_STARTED","NOT_GOLD","EXPLORATORY_CANDIDATE_ONLY_NO_FROZEN_SLOT_BINDING","NOT_APPLICABLE","(""sodium intake""[ti] OR ""urinary sodium""[ti]) AND (cohort[ti] OR prospective[ti]) AND (2015:2026[dp])","",""
"CAND-G100-042","","Healthy dietary patterns, genetic risk, and gastrointestinal cancer incident risk: a large-scale prospective cohort study.","primary_observational","cancer_nutrition","2024 Feb","The American journal of clinical nutrition","38042409","10.1016/j.ajcnut.2023.11.015","","Journal Article","https://pubmed.ncbi.nlm.nih.gov/38042409/","https://doi.org/10.1016/j.ajcnut.2023.11.015","","NO_PMCID_IN_BIBLIOGRAPHY","NOT_ACQUIRED_OR_REVIEWED","NOT_CHECKED","NOT_PRODUCED","NOT_AUDITED","NOT_AUDITED","PENDING_FULL_TEXT_AND_TYPE_REVIEW","NOT_VERIFIED","NOT_RUN","NOT_STARTED","NOT_GOLD","EXPLORATORY_CANDIDATE_ONLY_NO_FROZEN_SLOT_BINDING","NOT_APPLICABLE","(""dietary patterns""[ti] OR ""diet quality""[ti]) AND (cohort[ti] OR prospective[ti]) AND cancer[tiab] AND (2017:2026[dp])","",""
"CAND-G100-043","","Plant-based dietary patterns and age-specific risk of multimorbidity of cancer and cardiometabolic diseases: a prospective analysis.","primary_observational","cancer_nutrition","2025 Aug","The lancet. Healthy longevity","40845891","10.1016/j.lanhl.2025.100742","PMC12408430","Journal Article","https://pubmed.ncbi.nlm.nih.gov/40845891/","https://doi.org/10.1016/j.lanhl.2025.100742","https://pmc.ncbi.nlm.nih.gov/articles/PMC12408430/","PMCID_INDEXED_RIGHTS_UNCHECKED","NOT_ACQUIRED_OR_REVIEWED","NOT_CHECKED","NOT_PRODUCED","NOT_AUDITED","NOT_AUDITED","PENDING_FULL_TEXT_AND_TYPE_REVIEW","NOT_VERIFIED","NOT_RUN","NOT_STARTED","NOT_GOLD","EXPLORATORY_CANDIDATE_ONLY_NO_FROZEN_SLOT_BINDING","NOT_APPLICABLE","(""dietary patterns""[ti] OR ""diet quality""[ti]) AND (cohort[ti] OR prospective[ti]) AND cancer[tiab] AND (2017:2026[dp])","",""
"CAND-G100-044","","Inflammatory Dietary Patterns and Risk of Keratinocyte Cancers in Kidney Transplant Recipients: Prospective Cohort Study.","primary_observational","cancer_nutrition","2021","Dermatology (Basel, Switzerland)","32966976","10.1159/000509875","","Journal Article","https://pubmed.ncbi.nlm.nih.gov/32966976/","https://doi.org/10.1159/000509875","","NO_PMCID_IN_BIBLIOGRAPHY","NOT_ACQUIRED_OR_REVIEWED","NOT_CHECKED","NOT_PRODUCED","NOT_AUDITED","NOT_AUDITED","PENDING_FULL_TEXT_AND_TYPE_REVIEW","NOT_VERIFIED","NOT_RUN","NOT_STARTED","NOT_GOLD","EXPLORATORY_CANDIDATE_ONLY_NO_FROZEN_SLOT_BINDING","NOT_APPLICABLE","(""dietary patterns""[ti] OR ""diet quality""[ti]) AND (cohort[ti] OR prospective[ti]) AND cancer[tiab] AND (2017:2026[dp])","",""
"CAND-G100-045","","Mediterranean diet and associated metabolite signatures in relation to MASLD progression: A prospective cohort study.","primary_observational","Mediterranean","2025 Sep 01","Hepatology communications","40879470","10.1097/HC9.0000000000000791","PMC12401285","Journal Article","https://pubmed.ncbi.nlm.nih.gov/40879470/","https://doi.org/10.1097/HC9.0000000000000791","https://pmc.ncbi.nlm.nih.gov/articles/PMC12401285/","PMCID_INDEXED_RIGHTS_UNCHECKED","NOT_ACQUIRED_OR_REVIEWED","NOT_CHECKED","NOT_PRODUCED","NOT_AUDITED","NOT_AUDITED","PENDING_FULL_TEXT_AND_TYPE_REVIEW","NOT_VERIFIED","NOT_RUN","NOT_STARTED","NOT_GOLD","EXPLORATORY_CANDIDATE_ONLY_NO_FROZEN_SLOT_BINDING","NOT_APPLICABLE","(""Mediterranean diet""[ti]) AND (""prospective cohort""[tiab] OR ""cohort study""[tiab]) AND (2017:2026[dp])","",""
"CAND-G100-046","","Mediterranean Diet versus Very Low-Calorie Ketogenic Diet: Effects of Reaching 5% Body Weight Loss on Body Composition in Subjects with Overweight and with Obesity-A Cohort Study.","primary_observational","Mediterranean","2022 Oct 11","International journal of environmental research and public health","36293616","10.3390/ijerph192013040","PMC9603454","Journal Article","https://pubmed.ncbi.nlm.nih.gov/36293616/","https://doi.org/10.3390/ijerph192013040","https://pmc.ncbi.nlm.nih.gov/articles/PMC9603454/","PMCID_INDEXED_RIGHTS_UNCHECKED","NOT_ACQUIRED_OR_REVIEWED","NOT_CHECKED","NOT_PRODUCED","NOT_AUDITED","NOT_AUDITED","PENDING_FULL_TEXT_AND_TYPE_REVIEW","NOT_VERIFIED","NOT_RUN","NOT_STARTED","NOT_GOLD","EXPLORATORY_CANDIDATE_ONLY_NO_FROZEN_SLOT_BINDING","NOT_APPLICABLE","(""Mediterranean diet""[ti]) AND (""prospective cohort""[tiab] OR ""cohort study""[tiab]) AND (2017:2026[dp])","",""
"CAND-G100-047","","Intermittent fasting and weight loss: Systematic review.","evidence_synthesis","fasting","2020 Feb","Canadian family physician Medecin de famille canadien","32060194","","PMC7021351","Journal Article","https://pubmed.ncbi.nlm.nih.gov/32060194/","","https://pmc.ncbi.nlm.nih.gov/articles/PMC7021351/","PMCID_INDEXED_RIGHTS_UNCHECKED","NOT_ACQUIRED_OR_REVIEWED","NOT_CHECKED","NOT_PRODUCED","NOT_AUDITED","NOT_AUDITED","PENDING_FULL_TEXT_AND_TYPE_REVIEW","NOT_VERIFIED","NOT_RUN","NOT_STARTED","NOT_GOLD","EXPLORATORY_CANDIDATE_ONLY_NO_FROZEN_SLOT_BINDING","NOT_APPLICABLE","(""intermittent fasting""[ti] OR ""time-restricted eating""[ti]) AND (systematic review[ti] OR meta-analysis[ti]) AND (2020:2026[dp])","",""
"CAND-G100-048","","Intermittent fasting strategies and their effects on body weight and other cardiometabolic risk factors: systematic review and network meta-analysis of randomised clinical trials.","evidence_synthesis","fasting","2025 Jun 18","BMJ (Clinical research ed.)","40533200","10.1136/bmj-2024-082007","PMC12175170","Journal Article","https://pubmed.ncbi.nlm.nih.gov/40533200/","https://doi.org/10.1136/bmj-2024-082007","https://pmc.ncbi.nlm.nih.gov/articles/PMC12175170/","PMCID_INDEXED_RIGHTS_UNCHECKED","NOT_ACQUIRED_OR_REVIEWED","NOT_CHECKED","NOT_PRODUCED","NOT_AUDITED","NOT_AUDITED","PENDING_FULL_TEXT_AND_TYPE_REVIEW","NOT_VERIFIED","NOT_RUN","NOT_STARTED","NOT_GOLD","EXPLORATORY_CANDIDATE_ONLY_NO_FROZEN_SLOT_BINDING","NOT_APPLICABLE","(""intermittent fasting""[ti] OR ""time-restricted eating""[ti]) AND (systematic review[ti] OR meta-analysis[ti]) AND (2020:2026[dp])","",""
"CAND-G100-049","","Intermittent Fasting: Does It Affect Sports Performance? A Systematic Review.","evidence_synthesis","fasting","2024 Jan 04","Nutrients","38201996","10.3390/nu16010168","PMC10780856","Systematic Review","https://pubmed.ncbi.nlm.nih.gov/38201996/","https://doi.org/10.3390/nu16010168","https://pmc.ncbi.nlm.nih.gov/articles/PMC10780856/","PMCID_INDEXED_RIGHTS_UNCHECKED","NOT_ACQUIRED_OR_REVIEWED","NOT_CHECKED","NOT_PRODUCED","NOT_AUDITED","NOT_AUDITED","PENDING_FULL_TEXT_AND_TYPE_REVIEW","NOT_VERIFIED","NOT_RUN","NOT_STARTED","NOT_GOLD","EXPLORATORY_CANDIDATE_ONLY_NO_FROZEN_SLOT_BINDING","NOT_APPLICABLE","(""intermittent fasting""[ti] OR ""time-restricted eating""[ti]) AND (systematic review[ti] OR meta-analysis[ti]) AND (2020:2026[dp])","",""
"CAND-G100-050","","The effects of intermittent fasting on body composition and cardiometabolic health in adults with prediabetes or type 2 diabetes: A systematic review and meta-analysis.","evidence_synthesis","fasting","2024 Sep","Diabetes, obesity & metabolism","38956175","10.1111/dom.15730","","Journal Article","https://pubmed.ncbi.nlm.nih.gov/38956175/","https://doi.org/10.1111/dom.15730","","NO_PMCID_IN_BIBLIOGRAPHY","NOT_ACQUIRED_OR_REVIEWED","NOT_CHECKED","NOT_PRODUCED","NOT_AUDITED","NOT_AUDITED","PENDING_FULL_TEXT_AND_TYPE_REVIEW","NOT_VERIFIED","NOT_RUN","NOT_STARTED","NOT_GOLD","EXPLORATORY_CANDIDATE_ONLY_NO_FROZEN_SLOT_BINDING","NOT_APPLICABLE","(""intermittent fasting""[ti] OR ""time-restricted eating""[ti]) AND (systematic review[ti] OR meta-analysis[ti]) AND (2020:2026[dp])","",""
"CAND-G100-051","","Dietary Approaches to Stop Hypertension (DASH) Diet and Blood Pressure Reduction in Adults with and without Hypertension: A Systematic Review and Meta-Analysis of Randomized Controlled Trials.","evidence_synthesis","cardiovascular","2020 Sep 01","Advances in nutrition (Bethesda, Md.)","32330233","10.1093/advances/nmaa041","PMC7490167","Journal Article","https://pubmed.ncbi.nlm.nih.gov/32330233/","https://doi.org/10.1093/advances/nmaa041","https://pmc.ncbi.nlm.nih.gov/articles/PMC7490167/","PMCID_INDEXED_RIGHTS_UNCHECKED","NOT_ACQUIRED_OR_REVIEWED","NOT_CHECKED","NOT_PRODUCED","NOT_AUDITED","NOT_AUDITED","PENDING_FULL_TEXT_AND_TYPE_REVIEW","NOT_VERIFIED","NOT_RUN","NOT_STARTED","NOT_GOLD","EXPLORATORY_CANDIDATE_ONLY_NO_FROZEN_SLOT_BINDING","NOT_APPLICABLE","(""Mediterranean diet""[ti] OR ""DASH diet""[ti]) AND (systematic review[ti] OR meta-analysis[ti]) AND (2020:2026[dp])","",""
"CAND-G100-052","","Adherence to the DASH Diet and Risk of Hypertension: A Systematic Review and Meta-Analysis.","evidence_synthesis","cardiovascular","2023 Jul 24","Nutrients","37513679","10.3390/nu15143261","PMC10383418","Meta-Analysis","https://pubmed.ncbi.nlm.nih.gov/37513679/","https://doi.org/10.3390/nu15143261","https://pmc.ncbi.nlm.nih.gov/articles/PMC10383418/","PMCID_INDEXED_RIGHTS_UNCHECKED","NOT_ACQUIRED_OR_REVIEWED","NOT_CHECKED","NOT_PRODUCED","NOT_AUDITED","NOT_AUDITED","PENDING_FULL_TEXT_AND_TYPE_REVIEW","NOT_VERIFIED","NOT_RUN","NOT_STARTED","NOT_GOLD","EXPLORATORY_CANDIDATE_ONLY_NO_FROZEN_SLOT_BINDING","NOT_APPLICABLE","(""Mediterranean diet""[ti] OR ""DASH diet""[ti]) AND (systematic review[ti] OR meta-analysis[ti]) AND (2020:2026[dp])","",""
"CAND-G100-053","","Mediterranean diet and female reproductive health over lifespan: a systematic review and meta-analysis.","evidence_synthesis","cardiovascular","2023 Dec","American journal of obstetrics and gynecology","37506751","10.1016/j.ajog.2023.05.030","","Meta-Analysis","https://pubmed.ncbi.nlm.nih.gov/37506751/","https://doi.org/10.1016/j.ajog.2023.05.030","","NO_PMCID_IN_BIBLIOGRAPHY","NOT_ACQUIRED_OR_REVIEWED","NOT_CHECKED","NOT_PRODUCED","NOT_AUDITED","NOT_AUDITED","PENDING_FULL_TEXT_AND_TYPE_REVIEW","NOT_VERIFIED","NOT_RUN","NOT_STARTED","NOT_GOLD","EXPLORATORY_CANDIDATE_ONLY_NO_FROZEN_SLOT_BINDING","NOT_APPLICABLE","(""Mediterranean diet""[ti] OR ""DASH diet""[ti]) AND (systematic review[ti] OR meta-analysis[ti]) AND (2020:2026[dp])","",""
"CAND-G100-054","","Effect of low glycaemic index or load dietary patterns on glycaemic control and cardiometabolic risk factors in diabetes: systematic review and meta-analysis of randomised controlled trials.","evidence_synthesis","type2_diabetes","2021 Aug 04","BMJ (Clinical research ed.)","34348965","10.1136/bmj.n1651","PMC8336013","Journal Article","https://pubmed.ncbi.nlm.nih.gov/34348965/","https://doi.org/10.1136/bmj.n1651","https://pmc.ncbi.nlm.nih.gov/articles/PMC8336013/","PMCID_INDEXED_RIGHTS_UNCHECKED","NOT_ACQUIRED_OR_REVIEWED","NOT_CHECKED","NOT_PRODUCED","NOT_AUDITED","NOT_AUDITED","PENDING_FULL_TEXT_AND_TYPE_REVIEW","NOT_VERIFIED","NOT_RUN","NOT_STARTED","NOT_GOLD","EXPLORATORY_CANDIDATE_ONLY_NO_FROZEN_SLOT_BINDING","NOT_APPLICABLE","(""low carbohydrate""[ti] OR ""dietary patterns""[ti] OR ""low glycaemic""[ti]) AND (""meta-analysis""[ti] OR ""systematic review""[ti]) AND (2021:2026[dp])","",""
"CAND-G100-055","","Efficacy and safety of low and very low carbohydrate diets for type 2 diabetes remission: systematic review and meta-analysis of published and unpublished randomized trial data.","evidence_synthesis","type2_diabetes","2021 Jan 13","BMJ (Clinical research ed.)","33441384","10.1136/bmj.m4743","PMC7804828","Journal Article","https://pubmed.ncbi.nlm.nih.gov/33441384/","https://doi.org/10.1136/bmj.m4743","https://pmc.ncbi.nlm.nih.gov/articles/PMC7804828/","PMCID_INDEXED_RIGHTS_UNCHECKED","NOT_ACQUIRED_OR_REVIEWED","NOT_CHECKED","NOT_PRODUCED","NOT_AUDITED","NOT_AUDITED","PENDING_FULL_TEXT_AND_TYPE_REVIEW","NOT_VERIFIED","NOT_RUN","NOT_STARTED","NOT_GOLD","EXPLORATORY_CANDIDATE_ONLY_NO_FROZEN_SLOT_BINDING","NOT_APPLICABLE","(""low carbohydrate""[ti] OR ""dietary patterns""[ti] OR ""low glycaemic""[ti]) AND (""meta-analysis""[ti] OR ""systematic review""[ti]) AND (2021:2026[dp])","",""
"CAND-G100-056","","Can Dietary Patterns Impact Fertility Outcomes? A Systematic Review and Meta-Analysis.","evidence_synthesis","type2_diabetes","2023 May 31","Nutrients","37299551","10.3390/nu15112589","PMC10255613","Meta-Analysis","https://pubmed.ncbi.nlm.nih.gov/37299551/","https://doi.org/10.3390/nu15112589","https://pmc.ncbi.nlm.nih.gov/articles/PMC10255613/","PMCID_INDEXED_RIGHTS_UNCHECKED","NOT_ACQUIRED_OR_REVIEWED","NOT_CHECKED","NOT_PRODUCED","NOT_AUDITED","NOT_AUDITED","PENDING_FULL_TEXT_AND_TYPE_REVIEW","NOT_VERIFIED","NOT_RUN","NOT_STARTED","NOT_GOLD","EXPLORATORY_CANDIDATE_ONLY_NO_FROZEN_SLOT_BINDING","NOT_APPLICABLE","(""low carbohydrate""[ti] OR ""dietary patterns""[ti] OR ""low glycaemic""[ti]) AND (""meta-analysis""[ti] OR ""systematic review""[ti]) AND (2021:2026[dp])","",""
"CAND-G100-057","","The Role of Diet in Prognosis among Cancer Survivors: A Systematic Review and Meta-Analysis of Dietary Patterns and Diet Interventions.","evidence_synthesis","type2_diabetes","2022 Jan 14","Nutrients","35057525","10.3390/nu14020348","PMC8779048","Journal Article","https://pubmed.ncbi.nlm.nih.gov/35057525/","https://doi.org/10.3390/nu14020348","https://pmc.ncbi.nlm.nih.gov/articles/PMC8779048/","PMCID_INDEXED_RIGHTS_UNCHECKED","NOT_ACQUIRED_OR_REVIEWED","NOT_CHECKED","NOT_PRODUCED","NOT_AUDITED","NOT_AUDITED","PENDING_FULL_TEXT_AND_TYPE_REVIEW","NOT_VERIFIED","NOT_RUN","NOT_STARTED","NOT_GOLD","EXPLORATORY_CANDIDATE_ONLY_NO_FROZEN_SLOT_BINDING","NOT_APPLICABLE","(""low carbohydrate""[ti] OR ""dietary patterns""[ti] OR ""low glycaemic""[ti]) AND (""meta-analysis""[ti] OR ""systematic review""[ti]) AND (2021:2026[dp])","",""
"CAND-G100-058","","Systematic review and meta-analysis of protein intake to support muscle mass and function in healthy adults.","evidence_synthesis","sarcopenia","2022 Apr","Journal of cachexia, sarcopenia and muscle","35187864","10.1002/jcsm.12922","PMC8978023","Journal Article","https://pubmed.ncbi.nlm.nih.gov/35187864/","https://doi.org/10.1002/jcsm.12922","https://pmc.ncbi.nlm.nih.gov/articles/PMC8978023/","PMCID_INDEXED_RIGHTS_UNCHECKED","NOT_ACQUIRED_OR_REVIEWED","NOT_CHECKED","NOT_PRODUCED","NOT_AUDITED","NOT_AUDITED","PENDING_FULL_TEXT_AND_TYPE_REVIEW","NOT_VERIFIED","NOT_RUN","NOT_STARTED","NOT_GOLD","EXPLORATORY_CANDIDATE_ONLY_NO_FROZEN_SLOT_BINDING","NOT_APPLICABLE","(""sarcopenia""[ti] OR ""muscle mass""[ti]) AND (""meta-analysis""[ti] OR ""systematic review""[ti]) AND (protein[tiab] OR nutrition[tiab]) AND (2020:2026[dp])","",""
"CAND-G100-059","","Exercise for sarcopenia in older people: A systematic review and network meta-analysis.","evidence_synthesis","sarcopenia","2023 Jun","Journal of cachexia, sarcopenia and muscle","37057640","10.1002/jcsm.13225","PMC10235889","Systematic Review","https://pubmed.ncbi.nlm.nih.gov/37057640/","https://doi.org/10.1002/jcsm.13225","https://pmc.ncbi.nlm.nih.gov/articles/PMC10235889/","PMCID_INDEXED_RIGHTS_UNCHECKED","NOT_ACQUIRED_OR_REVIEWED","NOT_CHECKED","NOT_PRODUCED","NOT_AUDITED","NOT_AUDITED","PENDING_FULL_TEXT_AND_TYPE_REVIEW","NOT_VERIFIED","NOT_RUN","NOT_STARTED","NOT_GOLD","EXPLORATORY_CANDIDATE_ONLY_NO_FROZEN_SLOT_BINDING","NOT_APPLICABLE","(""sarcopenia""[ti] OR ""muscle mass""[ti]) AND (""meta-analysis""[ti] OR ""systematic review""[ti]) AND (protein[tiab] OR nutrition[tiab]) AND (2020:2026[dp])","",""
"CAND-G100-060","","Effect of Plant Versus Animal Protein on Muscle Mass, Strength, Physical Performance, and Sarcopenia: A Systematic Review and Meta-analysis of Randomized Controlled Trials.","evidence_synthesis","sarcopenia","2025 Jul 01","Nutrition reviews","39813010","10.1093/nutrit/nuae200","PMC12166177","Journal Article","https://pubmed.ncbi.nlm.nih.gov/39813010/","https://doi.org/10.1093/nutrit/nuae200","https://pmc.ncbi.nlm.nih.gov/articles/PMC12166177/","PMCID_INDEXED_RIGHTS_UNCHECKED","NOT_ACQUIRED_OR_REVIEWED","NOT_CHECKED","NOT_PRODUCED","NOT_AUDITED","NOT_AUDITED","PENDING_FULL_TEXT_AND_TYPE_REVIEW","NOT_VERIFIED","NOT_RUN","NOT_STARTED","NOT_GOLD","EXPLORATORY_CANDIDATE_ONLY_NO_FROZEN_SLOT_BINDING","NOT_APPLICABLE","(""sarcopenia""[ti] OR ""muscle mass""[ti]) AND (""meta-analysis""[ti] OR ""systematic review""[ti]) AND (protein[tiab] OR nutrition[tiab]) AND (2020:2026[dp])","",""
"CAND-G100-061","","Association of food groups and dietary pattern with breast cancer risk: A systematic review and meta-analysis.","evidence_synthesis","cancer_nutrition","2023 Mar","Clinical nutrition (Edinburgh, Scotland)","36731160","10.1016/j.clnu.2023.01.003","","Systematic Review","https://pubmed.ncbi.nlm.nih.gov/36731160/","https://doi.org/10.1016/j.clnu.2023.01.003","","NO_PMCID_IN_BIBLIOGRAPHY","NOT_ACQUIRED_OR_REVIEWED","NOT_CHECKED","NOT_PRODUCED","NOT_AUDITED","NOT_AUDITED","PENDING_FULL_TEXT_AND_TYPE_REVIEW","NOT_VERIFIED","NOT_RUN","NOT_STARTED","NOT_GOLD","EXPLORATORY_CANDIDATE_ONLY_NO_FROZEN_SLOT_BINDING","NOT_APPLICABLE","(cancer[ti] OR oncology[ti]) AND (""nutrition support""[ti] OR ""nutritional intervention""[ti] OR ""dietary pattern""[ti]) AND (""meta-analysis""[ti] OR ""systematic review""[ti]) AND (2019:2026[dp])","",""
"CAND-G100-062","","The effect of timing of enteral nutrition support on feeding outcomes and dysphagia in patients with head and neck cancer undergoing radiotherapy or chemoradiotherapy: A systematic review.","evidence_synthesis","cancer_nutrition","2021 Aug","Clinical nutrition ESPEN","34330518","10.1016/j.clnesp.2021.05.017","","Journal Article","https://pubmed.ncbi.nlm.nih.gov/34330518/","https://doi.org/10.1016/j.clnesp.2021.05.017","","NO_PMCID_IN_BIBLIOGRAPHY","NOT_ACQUIRED_OR_REVIEWED","NOT_CHECKED","NOT_PRODUCED","NOT_AUDITED","NOT_AUDITED","PENDING_FULL_TEXT_AND_TYPE_REVIEW","NOT_VERIFIED","NOT_RUN","NOT_STARTED","NOT_GOLD","EXPLORATORY_CANDIDATE_ONLY_NO_FROZEN_SLOT_BINDING","NOT_APPLICABLE","(cancer[ti] OR oncology[ti]) AND (""nutrition support""[ti] OR ""nutritional intervention""[ti] OR ""dietary pattern""[ti]) AND (""meta-analysis""[ti] OR ""systematic review""[ti]) AND (2019:2026[dp])","",""
"CAND-G100-063","","Conversion of Urine Protein-Creatinine Ratio or Urine Dipstick Protein to Urine Albumin-Creatinine Ratio for Use in Chronic Kidney Disease Screening and Prognosis : An Individual Participant-Based Meta-analysis.","evidence_synthesis","renal_nutrition","2020 Sep 15","Annals of internal medicine","32658569","10.7326/M20-0529","PMC7780415","Journal Article","https://pubmed.ncbi.nlm.nih.gov/32658569/","https://doi.org/10.7326/M20-0529","https://pmc.ncbi.nlm.nih.gov/articles/PMC7780415/","PMCID_INDEXED_RIGHTS_UNCHECKED","NOT_ACQUIRED_OR_REVIEWED","NOT_CHECKED","NOT_PRODUCED","NOT_AUDITED","NOT_AUDITED","PENDING_FULL_TEXT_AND_TYPE_REVIEW","NOT_VERIFIED","NOT_RUN","NOT_STARTED","NOT_GOLD","EXPLORATORY_CANDIDATE_ONLY_NO_FROZEN_SLOT_BINDING","NOT_APPLICABLE","(""chronic kidney disease""[ti] OR renal[ti]) AND (protein[ti] OR dietary[ti] OR nutrition[ti]) AND (""systematic review""[ti] OR ""meta-analysis""[ti]) AND (2020:2026[dp])","",""
"CAND-G100-064","","Efficacy and safety of ketoanalogue supplementation combined with protein-restricted diets in advanced chronic kidney disease: a systematic review and meta-analysis.","evidence_synthesis","renal_nutrition","2024 Nov","Journal of nephrology","39340710","10.1007/s40620-024-02065-9","","Journal Article","https://pubmed.ncbi.nlm.nih.gov/39340710/","https://doi.org/10.1007/s40620-024-02065-9","","NO_PMCID_IN_BIBLIOGRAPHY","NOT_ACQUIRED_OR_REVIEWED","NOT_CHECKED","NOT_PRODUCED","NOT_AUDITED","NOT_AUDITED","PENDING_FULL_TEXT_AND_TYPE_REVIEW","NOT_VERIFIED","NOT_RUN","NOT_STARTED","NOT_GOLD","EXPLORATORY_CANDIDATE_ONLY_NO_FROZEN_SLOT_BINDING","NOT_APPLICABLE","(""chronic kidney disease""[ti] OR renal[ti]) AND (protein[ti] OR dietary[ti] OR nutrition[ti]) AND (""systematic review""[ti] OR ""meta-analysis""[ti]) AND (2020:2026[dp])","",""
"CAND-G100-065","","ESPEN practical guideline: Clinical Nutrition in cancer.","guideline_or_consensus","ESPEN","2021 May","Clinical nutrition (Edinburgh, Scotland)","33946039","10.1016/j.clnu.2021.02.005","","Journal Article","https://pubmed.ncbi.nlm.nih.gov/33946039/","https://doi.org/10.1016/j.clnu.2021.02.005","","NO_PMCID_IN_BIBLIOGRAPHY","NOT_ACQUIRED_OR_REVIEWED","NOT_CHECKED","NOT_PRODUCED","NOT_AUDITED","NOT_AUDITED","PENDING_FULL_TEXT_AND_TYPE_REVIEW","NOT_VERIFIED","NOT_RUN","NOT_STARTED","NOT_GOLD","EXPLORATORY_CANDIDATE_ONLY_NO_FROZEN_SLOT_BINDING","NOT_APPLICABLE","ESPEN[Title] AND (guideline[Title] OR practical guideline[Title]) AND (2021:2026[dp])","",""
"CAND-G100-066","","ESPEN practical and partially revised guideline: Clinical nutrition in the intensive care unit.","guideline_or_consensus","ESPEN","2023 Sep","Clinical nutrition (Edinburgh, Scotland)","37517372","10.1016/j.clnu.2023.07.011","","Journal Article","https://pubmed.ncbi.nlm.nih.gov/37517372/","https://doi.org/10.1016/j.clnu.2023.07.011","","NO_PMCID_IN_BIBLIOGRAPHY","NOT_ACQUIRED_OR_REVIEWED","NOT_CHECKED","NOT_PRODUCED","NOT_AUDITED","NOT_AUDITED","PENDING_FULL_TEXT_AND_TYPE_REVIEW","NOT_VERIFIED","NOT_RUN","NOT_STARTED","NOT_GOLD","EXPLORATORY_CANDIDATE_ONLY_NO_FROZEN_SLOT_BINDING","NOT_APPLICABLE","ESPEN[Title] AND (guideline[Title] OR practical guideline[Title]) AND (2021:2026[dp])","",""
"CAND-G100-067","","ESPEN guideline on clinical nutrition in surgery - Update 2025.","guideline_or_consensus","ESPEN","2025 Oct","Clinical nutrition (Edinburgh, Scotland)","40957230","10.1016/j.clnu.2025.08.029","","Journal Article","https://pubmed.ncbi.nlm.nih.gov/40957230/","https://doi.org/10.1016/j.clnu.2025.08.029","","NO_PMCID_IN_BIBLIOGRAPHY","NOT_ACQUIRED_OR_REVIEWED","NOT_CHECKED","NOT_PRODUCED","NOT_AUDITED","NOT_AUDITED","PENDING_FULL_TEXT_AND_TYPE_REVIEW","NOT_VERIFIED","NOT_RUN","NOT_STARTED","NOT_GOLD","EXPLORATORY_CANDIDATE_ONLY_NO_FROZEN_SLOT_BINDING","NOT_APPLICABLE","ESPEN[Title] AND (guideline[Title] OR practical guideline[Title]) AND (2021:2026[dp])","",""
"CAND-G100-068","","ESPEN practical guideline on clinical nutrition in acute and chronic pancreatitis.","guideline_or_consensus","ESPEN","2024 Feb","Clinical nutrition (Edinburgh, Scotland)","38169174","10.1016/j.clnu.2023.12.019","","Journal Article","https://pubmed.ncbi.nlm.nih.gov/38169174/","https://doi.org/10.1016/j.clnu.2023.12.019","","NO_PMCID_IN_BIBLIOGRAPHY","NOT_ACQUIRED_OR_REVIEWED","NOT_CHECKED","NOT_PRODUCED","NOT_AUDITED","NOT_AUDITED","PENDING_FULL_TEXT_AND_TYPE_REVIEW","NOT_VERIFIED","NOT_RUN","NOT_STARTED","NOT_GOLD","EXPLORATORY_CANDIDATE_ONLY_NO_FROZEN_SLOT_BINDING","NOT_APPLICABLE","ESPEN[Title] AND (guideline[Title] OR practical guideline[Title]) AND (2021:2026[dp])","",""
"CAND-G100-069","","ESPEN guideline on hospital nutrition.","guideline_or_consensus","ESPEN","2021 Dec","Clinical nutrition (Edinburgh, Scotland)","34742138","10.1016/j.clnu.2021.09.039","","Journal Article","https://pubmed.ncbi.nlm.nih.gov/34742138/","https://doi.org/10.1016/j.clnu.2021.09.039","","NO_PMCID_IN_BIBLIOGRAPHY","NOT_ACQUIRED_OR_REVIEWED","NOT_CHECKED","NOT_PRODUCED","NOT_AUDITED","NOT_AUDITED","PENDING_FULL_TEXT_AND_TYPE_REVIEW","NOT_VERIFIED","NOT_RUN","NOT_STARTED","NOT_GOLD","EXPLORATORY_CANDIDATE_ONLY_NO_FROZEN_SLOT_BINDING","NOT_APPLICABLE","ESPEN[Title] AND (guideline[Title] OR practical guideline[Title]) AND (2021:2026[dp])","",""
"CAND-G100-070","","ESPEN micronutrient guideline.","guideline_or_consensus","ESPEN","2022 Jun","Clinical nutrition (Edinburgh, Scotland)","35365361","10.1016/j.clnu.2022.02.015","","Journal Article","https://pubmed.ncbi.nlm.nih.gov/35365361/","https://doi.org/10.1016/j.clnu.2022.02.015","","NO_PMCID_IN_BIBLIOGRAPHY","NOT_ACQUIRED_OR_REVIEWED","NOT_CHECKED","NOT_PRODUCED","NOT_AUDITED","NOT_AUDITED","PENDING_FULL_TEXT_AND_TYPE_REVIEW","NOT_VERIFIED","NOT_RUN","NOT_STARTED","NOT_GOLD","EXPLORATORY_CANDIDATE_ONLY_NO_FROZEN_SLOT_BINDING","NOT_APPLICABLE","ESPEN[Title] AND (guideline[Title] OR practical guideline[Title]) AND (2021:2026[dp])","",""
"CAND-G100-071","","Medical Nutrition Therapy Interventions Provided by Dietitians for Adult Overweight and Obesity Management: An Academy of Nutrition and Dietetics Evidence-Based Practice Guideline.","guideline_or_consensus","dietitian","2023 Mar","Journal of the Academy of Nutrition and Dietetics","36462613","10.1016/j.jand.2022.11.014","PMC12646719","Journal Article","https://pubmed.ncbi.nlm.nih.gov/36462613/","https://doi.org/10.1016/j.jand.2022.11.014","https://pmc.ncbi.nlm.nih.gov/articles/PMC12646719/","PMCID_INDEXED_RIGHTS_UNCHECKED","NOT_ACQUIRED_OR_REVIEWED","NOT_CHECKED","NOT_PRODUCED","NOT_AUDITED","NOT_AUDITED","PENDING_FULL_TEXT_AND_TYPE_REVIEW","NOT_VERIFIED","NOT_RUN","NOT_STARTED","NOT_GOLD","EXPLORATORY_CANDIDATE_ONLY_NO_FROZEN_SLOT_BINDING","NOT_APPLICABLE","(""Dietary Guidelines""[Title] OR ""AHA dietary guidance""[Title] OR ""Nutrition Therapy""[Title]) AND (guideline[Title] OR consensus[Title] OR scientific statement[Title]) AND (2019:2026[dp])","",""
"CAND-G100-072","","ESPEN practical guideline on ethical aspects of medical nutrition therapy.","guideline_or_consensus","dietitian","2026 May","Clinical nutrition (Edinburgh, Scotland)","41895152","10.1016/j.clnu.2026.106622","","Journal Article","https://pubmed.ncbi.nlm.nih.gov/41895152/","https://doi.org/10.1016/j.clnu.2026.106622","","NO_PMCID_IN_BIBLIOGRAPHY","NOT_ACQUIRED_OR_REVIEWED","NOT_CHECKED","NOT_PRODUCED","NOT_AUDITED","NOT_AUDITED","PENDING_FULL_TEXT_AND_TYPE_REVIEW","NOT_VERIFIED","NOT_RUN","NOT_STARTED","NOT_GOLD","EXPLORATORY_CANDIDATE_ONLY_NO_FROZEN_SLOT_BINDING","NOT_APPLICABLE","(""Dietary Guidelines""[Title] OR ""AHA dietary guidance""[Title] OR ""Nutrition Therapy""[Title]) AND (guideline[Title] OR consensus[Title] OR scientific statement[Title]) AND (2019:2026[dp])","",""
"CAND-G100-073","","ESPEN guideline on clinical nutrition in hospitalized patients with acute or chronic kidney disease.","guideline_or_consensus","kidney_guidance","2021 Apr","Clinical nutrition (Edinburgh, Scotland)","33640205","10.1016/j.clnu.2021.01.028","","Journal Article","https://pubmed.ncbi.nlm.nih.gov/33640205/","https://doi.org/10.1016/j.clnu.2021.01.028","","NO_PMCID_IN_BIBLIOGRAPHY","NOT_ACQUIRED_OR_REVIEWED","NOT_CHECKED","NOT_PRODUCED","NOT_AUDITED","NOT_AUDITED","PENDING_FULL_TEXT_AND_TYPE_REVIEW","NOT_VERIFIED","NOT_RUN","NOT_STARTED","NOT_GOLD","EXPLORATORY_CANDIDATE_ONLY_NO_FROZEN_SLOT_BINDING","NOT_APPLICABLE","(""chronic kidney disease""[Title] OR CKD[Title]) AND (nutrition[Title] OR diet[Title]) AND (guideline[Title] OR consensus[Title]) AND (2020:2026[dp])","",""
"CAND-G100-074","","ESPEN practical guideline on clinical nutrition in hospitalized patients with acute or chronic kidney disease.","guideline_or_consensus","kidney_guidance","2024 Sep","Clinical nutrition (Edinburgh, Scotland)","39178492","10.1016/j.clnu.2024.08.002","","Journal Article","https://pubmed.ncbi.nlm.nih.gov/39178492/","https://doi.org/10.1016/j.clnu.2024.08.002","","NO_PMCID_IN_BIBLIOGRAPHY","NOT_ACQUIRED_OR_REVIEWED","NOT_CHECKED","NOT_PRODUCED","NOT_AUDITED","NOT_AUDITED","PENDING_FULL_TEXT_AND_TYPE_REVIEW","NOT_VERIFIED","NOT_RUN","NOT_STARTED","NOT_GOLD","EXPLORATORY_CANDIDATE_ONLY_NO_FROZEN_SLOT_BINDING","NOT_APPLICABLE","(""chronic kidney disease""[Title] OR CKD[Title]) AND (nutrition[Title] OR diet[Title]) AND (guideline[Title] OR consensus[Title]) AND (2020:2026[dp])","",""
"CAND-G100-075","","Hyperglycaemic crises in adults with diabetes: a consensus report.","guideline_or_consensus","nutritional_consensus","2024 Aug","Diabetologia","38907161","10.1007/s00125-024-06183-8","PMC11343900","Journal Article","https://pubmed.ncbi.nlm.nih.gov/38907161/","https://doi.org/10.1007/s00125-024-06183-8","https://pmc.ncbi.nlm.nih.gov/articles/PMC11343900/","PMCID_INDEXED_RIGHTS_UNCHECKED","NOT_ACQUIRED_OR_REVIEWED","NOT_CHECKED","NOT_PRODUCED","NOT_AUDITED","NOT_AUDITED","PENDING_FULL_TEXT_AND_TYPE_REVIEW","NOT_VERIFIED","NOT_RUN","NOT_STARTED","NOT_GOLD","EXPLORATORY_CANDIDATE_ONLY_NO_FROZEN_SLOT_BINDING","NOT_APPLICABLE","(""consensus report""[ti] OR ""consensus statement""[ti]) AND (nutrition[tiab] OR diabetes[tiab] OR diet[tiab] OR sarcopenia[tiab]) AND (2020:2026[dp])","",""
"CAND-G100-076","","Exercise/Physical Activity in Individuals with Type 2 Diabetes: A Consensus Statement from the American College of Sports Medicine.","guideline_or_consensus","nutritional_consensus","2022 Feb 01","Medicine and science in sports and exercise","35029593","10.1249/MSS.0000000000002800","PMC8802999","Consensus Statement","https://pubmed.ncbi.nlm.nih.gov/35029593/","https://doi.org/10.1249/MSS.0000000000002800","https://pmc.ncbi.nlm.nih.gov/articles/PMC8802999/","PMCID_INDEXED_RIGHTS_UNCHECKED","NOT_ACQUIRED_OR_REVIEWED","NOT_CHECKED","NOT_PRODUCED","NOT_AUDITED","NOT_AUDITED","PENDING_FULL_TEXT_AND_TYPE_REVIEW","NOT_VERIFIED","NOT_RUN","NOT_STARTED","NOT_GOLD","EXPLORATORY_CANDIDATE_ONLY_NO_FROZEN_SLOT_BINDING","NOT_APPLICABLE","curated replacement after failed topical/source-type match","39052901",""
"CAND-G100-077","","Safety of High-Dose Vitamin D Supplementation: Secondary Analysis of a Randomized Controlled Trial.","companion_or_secondary","dietary_secondary","2020 Apr 01","The Journal of clinical endocrinology and metabolism","31746327","10.1210/clinem/dgz212","","Journal Article","https://pubmed.ncbi.nlm.nih.gov/31746327/","https://doi.org/10.1210/clinem/dgz212","","NO_PMCID_IN_BIBLIOGRAPHY","NOT_ACQUIRED_OR_REVIEWED","NOT_CHECKED","NOT_PRODUCED","NOT_AUDITED","NOT_AUDITED","PENDING_FULL_TEXT_AND_TYPE_REVIEW","NOT_VERIFIED","NOT_RUN","NOT_STARTED","NOT_GOLD","EXPLORATORY_CANDIDATE_ONLY_NO_FROZEN_SLOT_BINDING","NOT_APPLICABLE","(""secondary analysis""[Title] OR ""post hoc analysis""[Title]) AND (diet[tiab] OR nutrition[tiab] OR dietary[tiab]) AND (2018:2026[dp])","",""
"CAND-G100-078","","Time-Restricted Eating and Sleep, Mood, and Quality of Life in Adults With Overweight or Obesity: A Secondary Analysis of a Randomized Clinical Trial.","companion_or_secondary","dietary_secondary","2025 Jun 02","JAMA network open","40560588","10.1001/jamanetworkopen.2025.17268","PMC12199060","Journal Article","https://pubmed.ncbi.nlm.nih.gov/40560588/","https://doi.org/10.1001/jamanetworkopen.2025.17268","https://pmc.ncbi.nlm.nih.gov/articles/PMC12199060/","PMCID_INDEXED_RIGHTS_UNCHECKED","NOT_ACQUIRED_OR_REVIEWED","NOT_CHECKED","NOT_PRODUCED","NOT_AUDITED","NOT_AUDITED","PENDING_FULL_TEXT_AND_TYPE_REVIEW","NOT_VERIFIED","NOT_RUN","NOT_STARTED","NOT_GOLD","EXPLORATORY_CANDIDATE_ONLY_NO_FROZEN_SLOT_BINDING","NOT_APPLICABLE","curated replacement after failed topical/source-type match","38639997",""
"CAND-G100-079","","5-year follow-up of the randomised Diabetes Remission Clinical Trial (DiRECT) of continued support for weight loss maintenance in the UK: an extension study.","companion_or_secondary","nutrition_followup","2024 Apr","The lancet. Diabetes & endocrinology","38423026","10.1016/S2213-8587(23)00385-6","","Randomized Controlled Trial","https://pubmed.ncbi.nlm.nih.gov/38423026/","https://doi.org/10.1016/S2213-8587(23)00385-6","","NO_PMCID_IN_BIBLIOGRAPHY","NOT_ACQUIRED_OR_REVIEWED","NOT_CHECKED","NOT_PRODUCED","NOT_AUDITED","NOT_AUDITED","PENDING_FULL_TEXT_AND_TYPE_REVIEW","NOT_VERIFIED","NOT_RUN","NOT_STARTED","NOT_GOLD","EXPLORATORY_CANDIDATE_ONLY_NO_FROZEN_SLOT_BINDING","NOT_APPLICABLE","(""long-term follow-up""[Title] OR ""follow-up study""[Title] OR ""extension study""[Title]) AND (diet[tiab] OR nutrition[tiab] OR lifestyle[tiab]) AND (2018:2026[dp])","",""
"CAND-G100-080","","Effects of 4:3 Intermittent Fasting on Eating Behaviors and Appetite Hormones: A Secondary Analysis of a 12-Month Behavioral Weight Loss Intervention.","companion_or_secondary","nutrition_followup","2025 Jul 21","Nutrients","40733010","10.3390/nu17142385","PMC12298406","Journal Article","https://pubmed.ncbi.nlm.nih.gov/40733010/","https://doi.org/10.3390/nu17142385","https://pmc.ncbi.nlm.nih.gov/articles/PMC12298406/","PMCID_INDEXED_RIGHTS_UNCHECKED","NOT_ACQUIRED_OR_REVIEWED","NOT_CHECKED","NOT_PRODUCED","NOT_AUDITED","NOT_AUDITED","PENDING_FULL_TEXT_AND_TYPE_REVIEW","NOT_VERIFIED","NOT_RUN","NOT_STARTED","NOT_GOLD","EXPLORATORY_CANDIDATE_ONLY_NO_FROZEN_SLOT_BINDING","NOT_APPLICABLE","curated replacement after failed topical/source-type match","37256821",""
"CAND-G100-081","","Author Correction: Fasting mimicking diet cycles versus a Mediterranean diet and cardiometabolic risk in overweight and obese hypertensive subjects: a randomized clinical trial.","correction_republication_retraction_or_living_version","correction_notice","2025 Sep 23","npj metabolic health and disease","40987812","10.1038/s44324-025-00084-z","PMC12457591","Published Erratum","https://pubmed.ncbi.nlm.nih.gov/40987812/","https://doi.org/10.1038/s44324-025-00084-z","https://pmc.ncbi.nlm.nih.gov/articles/PMC12457591/","PMCID_INDEXED_RIGHTS_UNCHECKED","NOT_ACQUIRED_OR_REVIEWED","NOT_CHECKED","NOT_PRODUCED","NOT_AUDITED","NOT_AUDITED","PENDING_FULL_TEXT_AND_TYPE_REVIEW","NOT_VERIFIED","NOT_RUN","NOT_STARTED","NOT_GOLD","EXPLORATORY_CANDIDATE_ONLY_NO_FROZEN_SLOT_BINDING","STRESS_HYPOTHESIS_UNVALIDATED","curated replacement after failed topical/source-type match","37422702",""
"CAND-G100-082","","Correction to: PKU dietary handbook to accompany PKU guidelines.","correction_republication_retraction_or_living_version","correction_notice","2020 Sep 01","Orphanet journal of rare diseases","32873338","10.1186/s13023-020-01486-6","PMC7465324","Journal Article","https://pubmed.ncbi.nlm.nih.gov/32873338/","https://doi.org/10.1186/s13023-020-01486-6","https://pmc.ncbi.nlm.nih.gov/articles/PMC7465324/","PMCID_INDEXED_RIGHTS_UNCHECKED","NOT_ACQUIRED_OR_REVIEWED","NOT_CHECKED","NOT_PRODUCED","NOT_AUDITED","NOT_AUDITED","PENDING_FULL_TEXT_AND_TYPE_REVIEW","NOT_VERIFIED","NOT_RUN","NOT_STARTED","NOT_GOLD","EXPLORATORY_CANDIDATE_ONLY_NO_FROZEN_SLOT_BINDING","STRESS_HYPOTHESIS_UNVALIDATED","curated replacement after failed topical/source-type match","29215758",""
"CAND-G100-083","","Correction to: Cardiovascular-Kidney-Metabolic Health: A Presidential Advisory From the American Heart Association.","correction_republication_retraction_or_living_version","correction_notice","2024 Mar 26","Circulation","38527138","10.1161/CIR.0000000000001241","","Journal Article","https://pubmed.ncbi.nlm.nih.gov/38527138/","https://doi.org/10.1161/CIR.0000000000001241","","NO_PMCID_IN_BIBLIOGRAPHY","NOT_ACQUIRED_OR_REVIEWED","NOT_CHECKED","NOT_PRODUCED","NOT_AUDITED","NOT_AUDITED","PENDING_FULL_TEXT_AND_TYPE_REVIEW","NOT_VERIFIED","NOT_RUN","NOT_STARTED","NOT_GOLD","EXPLORATORY_CANDIDATE_ONLY_NO_FROZEN_SLOT_BINDING","STRESS_HYPOTHESIS_UNVALIDATED","(""Correction to:""[Title] OR ""Author Correction:""[Title] OR ""Publisher Correction:""[Title] OR ""Retraction""[Title]) AND (dietary[tiab] OR nutrition[tiab] OR metabolic[tiab] OR fasting[tiab]) AND (2017:2026[dp])","",""
"CAND-G100-084","","Management of paediatric ulcerative colitis, part 2: Acute severe colitis-An updated evidence-based consensus guideline from the European Society of Paediatric Gastroenterology, Hepatology and Nutrition and the European Crohn's and Colitis Organization.","correction_republication_retraction_or_living_version","updated_guideline","2025 Sep","Journal of pediatric gastroenterology and nutrition","40528309","10.1002/jpn3.70096","","Journal Article","https://pubmed.ncbi.nlm.nih.gov/40528309/","https://doi.org/10.1002/jpn3.70096","","NO_PMCID_IN_BIBLIOGRAPHY","NOT_ACQUIRED_OR_REVIEWED","NOT_CHECKED","NOT_PRODUCED","NOT_AUDITED","NOT_AUDITED","PENDING_FULL_TEXT_AND_TYPE_REVIEW","NOT_VERIFIED","NOT_RUN","NOT_STARTED","NOT_GOLD","EXPLORATORY_CANDIDATE_ONLY_NO_FROZEN_SLOT_BINDING","STRESS_HYPOTHESIS_UNVALIDATED","(guideline[ti] OR consensus[ti]) AND (update[ti] OR updated[ti] OR revised[ti]) AND (nutrition[tiab] OR dietary[tiab] OR diet[tiab]) AND (2021:2026[dp])","",""
"CAND-G100-085","","ESPEN guideline on chronic intestinal failure in adults - Update 2023.","correction_republication_retraction_or_living_version","updated_guideline","2023 Oct","Clinical nutrition (Edinburgh, Scotland)","37639741","10.1016/j.clnu.2023.07.019","","Journal Article","https://pubmed.ncbi.nlm.nih.gov/37639741/","https://doi.org/10.1016/j.clnu.2023.07.019","","NO_PMCID_IN_BIBLIOGRAPHY","NOT_ACQUIRED_OR_REVIEWED","NOT_CHECKED","NOT_PRODUCED","NOT_AUDITED","NOT_AUDITED","PENDING_FULL_TEXT_AND_TYPE_REVIEW","NOT_VERIFIED","NOT_RUN","NOT_STARTED","NOT_GOLD","EXPLORATORY_CANDIDATE_ONLY_NO_FROZEN_SLOT_BINDING","STRESS_HYPOTHESIS_UNVALIDATED","curated replacement after failed topical/source-type match","36863329",""
"CAND-G100-086","","The Medical Management of Paediatric Crohn's Disease: an ECCO-ESPGHAN Guideline Update.","correction_republication_retraction_or_living_version","updated_guideline","2021 Feb 01","Journal of Crohn's & colitis","33026087","10.1093/ecco-jcc/jjaa161","","Journal Article","https://pubmed.ncbi.nlm.nih.gov/33026087/","https://doi.org/10.1093/ecco-jcc/jjaa161","","NO_PMCID_IN_BIBLIOGRAPHY","NOT_ACQUIRED_OR_REVIEWED","NOT_CHECKED","NOT_PRODUCED","NOT_AUDITED","NOT_AUDITED","PENDING_FULL_TEXT_AND_TYPE_REVIEW","NOT_VERIFIED","NOT_RUN","NOT_STARTED","NOT_GOLD","EXPLORATORY_CANDIDATE_ONLY_NO_FROZEN_SLOT_BINDING","STRESS_HYPOTHESIS_UNVALIDATED","(guideline[ti] OR consensus[ti]) AND (update[ti] OR updated[ti] OR revised[ti]) AND (nutrition[tiab] OR dietary[tiab] OR diet[tiab]) AND (2021:2026[dp])","",""
"CAND-G100-087","","Mediterranean diet as a strategy for preserving kidney function in patients with coronary heart disease with type 2 diabetes and obesity: a secondary analysis of CORDIOPREV randomized controlled trial.","study_identity_or_companion_dependency","secondary_or_followup","2024 May 16","Nutrition & diabetes","38755195","10.1038/s41387-024-00285-3","PMC11099022","Journal Article","https://pubmed.ncbi.nlm.nih.gov/38755195/","https://doi.org/10.1038/s41387-024-00285-3","https://pmc.ncbi.nlm.nih.gov/articles/PMC11099022/","PMCID_INDEXED_RIGHTS_UNCHECKED","NOT_ACQUIRED_OR_REVIEWED","NOT_CHECKED","NOT_PRODUCED","NOT_AUDITED","NOT_AUDITED","PENDING_FULL_TEXT_AND_TYPE_REVIEW","NOT_VERIFIED","NOT_RUN","NOT_STARTED","NOT_GOLD","EXPLORATORY_CANDIDATE_ONLY_NO_FROZEN_SLOT_BINDING","STRESS_HYPOTHESIS_UNVALIDATED","(""secondary analysis""[ti] OR ""post hoc analysis""[ti] OR ""long-term follow-up""[ti]) AND (""Mediterranean diet""[tiab] OR ""low carbohydrate""[tiab] OR ""intermittent fasting""[tiab] OR ""dietary intervention""[tiab]) AND (2016:2026[dp])","",""
"CAND-G100-088","","Mediterranean Diet, Physical Activity, and Bone Health in Older Adults: A Secondary Analysis of a Randomized Clinical Trial.","study_identity_or_companion_dependency","secondary_or_followup","2025 Apr 01","JAMA network open","40198072","10.1001/jamanetworkopen.2025.3710","PMC11979728","Journal Article","https://pubmed.ncbi.nlm.nih.gov/40198072/","https://doi.org/10.1001/jamanetworkopen.2025.3710","https://pmc.ncbi.nlm.nih.gov/articles/PMC11979728/","PMCID_INDEXED_RIGHTS_UNCHECKED","NOT_ACQUIRED_OR_REVIEWED","NOT_CHECKED","NOT_PRODUCED","NOT_AUDITED","NOT_AUDITED","PENDING_FULL_TEXT_AND_TYPE_REVIEW","NOT_VERIFIED","NOT_RUN","NOT_STARTED","NOT_GOLD","EXPLORATORY_CANDIDATE_ONLY_NO_FROZEN_SLOT_BINDING","STRESS_HYPOTHESIS_UNVALIDATED","(""secondary analysis""[ti] OR ""post hoc analysis""[ti] OR ""long-term follow-up""[ti]) AND (""Mediterranean diet""[tiab] OR ""low carbohydrate""[tiab] OR ""intermittent fasting""[tiab] OR ""dietary intervention""[tiab]) AND (2016:2026[dp])","",""
"CAND-G100-089","","Comparison of an Energy-Reduced Mediterranean Diet and Physical Activity Versus an Ad Libitum Mediterranean Diet in the Prevention of Type 2 Diabetes : A Secondary Analysis of a Randomized Controlled Trial.","study_identity_or_companion_dependency","secondary_or_followup","2025 Oct","Annals of internal medicine","40854218","10.7326/ANNALS-25-00388","","Journal Article","https://pubmed.ncbi.nlm.nih.gov/40854218/","https://doi.org/10.7326/ANNALS-25-00388","","NO_PMCID_IN_BIBLIOGRAPHY","NOT_ACQUIRED_OR_REVIEWED","NOT_CHECKED","NOT_PRODUCED","NOT_AUDITED","NOT_AUDITED","PENDING_FULL_TEXT_AND_TYPE_REVIEW","NOT_VERIFIED","NOT_RUN","NOT_STARTED","NOT_GOLD","EXPLORATORY_CANDIDATE_ONLY_NO_FROZEN_SLOT_BINDING","STRESS_HYPOTHESIS_UNVALIDATED","(""secondary analysis""[ti] OR ""post hoc analysis""[ti] OR ""long-term follow-up""[ti]) AND (""Mediterranean diet""[tiab] OR ""low carbohydrate""[tiab] OR ""intermittent fasting""[tiab] OR ""dietary intervention""[tiab]) AND (2016:2026[dp])","",""
"CAND-G100-090","","Effects of time-restricted eating and low-carbohydrate diet on psychosocial health and appetite in individuals with metabolic syndrome: A secondary analysis of a randomized controlled trial.","study_identity_or_companion_dependency","secondary_or_followup","2024 Oct","Clinical nutrition (Edinburgh, Scotland)","39226719","10.1016/j.clnu.2024.08.029","","Journal Article","https://pubmed.ncbi.nlm.nih.gov/39226719/","https://doi.org/10.1016/j.clnu.2024.08.029","","NO_PMCID_IN_BIBLIOGRAPHY","NOT_ACQUIRED_OR_REVIEWED","NOT_CHECKED","NOT_PRODUCED","NOT_AUDITED","NOT_AUDITED","PENDING_FULL_TEXT_AND_TYPE_REVIEW","NOT_VERIFIED","NOT_RUN","NOT_STARTED","NOT_GOLD","EXPLORATORY_CANDIDATE_ONLY_NO_FROZEN_SLOT_BINDING","STRESS_HYPOTHESIS_UNVALIDATED","curated replacement after failed topical/source-type match","40259488",""
"CAND-G100-091","","Calorie Restriction with or without Time-Restricted Eating in Weight Loss.","conflicting_evidence","negative_intervention","2022 Apr 21","The New England journal of medicine","35443107","10.1056/NEJMoa2114833","","Comparative Study","https://pubmed.ncbi.nlm.nih.gov/35443107/","https://doi.org/10.1056/NEJMoa2114833","","NO_PMCID_IN_BIBLIOGRAPHY","NOT_ACQUIRED_OR_REVIEWED","NOT_CHECKED","NOT_PRODUCED","NOT_AUDITED","NOT_AUDITED","PENDING_FULL_TEXT_AND_TYPE_REVIEW","NOT_VERIFIED","NOT_RUN","NOT_STARTED","NOT_GOLD","EXPLORATORY_CANDIDATE_ONLY_NO_FROZEN_SLOT_BINDING","STRESS_HYPOTHESIS_UNVALIDATED","curated replacement after failed topical/source-type match","31520525","Potential conflict candidate only; must verify context matched PICO/time/estimand and comparator. | Conflict not established until comparator, population, outcome, time and estimand reviewed."
"CAND-G100-092","","Effect of Isocaloric, Time-Restricted Eating on Body Weight in Adults With Obesity : A Randomized Controlled Trial.","conflicting_evidence","negative_intervention","2024 May","Annals of internal medicine","38639542","10.7326/M23-3132","","Journal Article","https://pubmed.ncbi.nlm.nih.gov/38639542/","https://doi.org/10.7326/M23-3132","","NO_PMCID_IN_BIBLIOGRAPHY","NOT_ACQUIRED_OR_REVIEWED","NOT_CHECKED","NOT_PRODUCED","NOT_AUDITED","NOT_AUDITED","PENDING_FULL_TEXT_AND_TYPE_REVIEW","NOT_VERIFIED","NOT_RUN","NOT_STARTED","NOT_GOLD","EXPLORATORY_CANDIDATE_ONLY_NO_FROZEN_SLOT_BINDING","STRESS_HYPOTHESIS_UNVALIDATED","curated replacement after failed topical/source-type match","29466682","Potential conflict candidate only; must verify context matched PICO/time/estimand and comparator. | Conflict not established until comparator, population, outcome, time and estimand reviewed."
"CAND-G100-093","","Intermittent fasting plus early time-restricted eating versus calorie restriction and standard care in adults at risk of type 2 diabetes: a randomized controlled trial.","conflicting_evidence","comparative_intervention","2023 Apr","Nature medicine","37024596","10.1038/s41591-023-02287-7","","Randomized Controlled Trial","https://pubmed.ncbi.nlm.nih.gov/37024596/","https://doi.org/10.1038/s41591-023-02287-7","","NO_PMCID_IN_BIBLIOGRAPHY","NOT_ACQUIRED_OR_REVIEWED","NOT_CHECKED","NOT_PRODUCED","NOT_AUDITED","NOT_AUDITED","PENDING_FULL_TEXT_AND_TYPE_REVIEW","NOT_VERIFIED","NOT_RUN","NOT_STARTED","NOT_GOLD","EXPLORATORY_CANDIDATE_ONLY_NO_FROZEN_SLOT_BINDING","STRESS_HYPOTHESIS_UNVALIDATED","(""time-restricted eating""[ti] OR ""intermittent fasting""[ti]) AND (randomized[ti] OR randomised[ti] OR ""Randomized Controlled Trial""[pt]) AND (2020:2026[dp])","","Potential conflict candidate only; must verify context matched PICO/time/estimand and comparator. | Conflict not established until comparator, population, outcome, time and estimand reviewed."
"CAND-G100-094","","A 5:2 Intermittent Fasting Meal Replacement Diet and Glycemic Control for Adults With Diabetes: The EARLY Randomized Clinical Trial.","conflicting_evidence","comparative_intervention","2024 Jun 03","JAMA network open","38904963","10.1001/jamanetworkopen.2024.16786","PMC11193124","Journal Article","https://pubmed.ncbi.nlm.nih.gov/38904963/","https://doi.org/10.1001/jamanetworkopen.2024.16786","https://pmc.ncbi.nlm.nih.gov/articles/PMC11193124/","PMCID_INDEXED_RIGHTS_UNCHECKED","NOT_ACQUIRED_OR_REVIEWED","NOT_CHECKED","NOT_PRODUCED","NOT_AUDITED","NOT_AUDITED","PENDING_FULL_TEXT_AND_TYPE_REVIEW","NOT_VERIFIED","NOT_RUN","NOT_STARTED","NOT_GOLD","EXPLORATORY_CANDIDATE_ONLY_NO_FROZEN_SLOT_BINDING","STRESS_HYPOTHESIS_UNVALIDATED","(""time-restricted eating""[ti] OR ""intermittent fasting""[ti]) AND (randomized[ti] OR randomised[ti] OR ""Randomized Controlled Trial""[pt]) AND (2020:2026[dp])","","Potential conflict candidate only; must verify context matched PICO/time/estimand and comparator. | Conflict not established until comparator, population, outcome, time and estimand reviewed."
"CAND-G100-095","","Definition and Diagnostic Criteria for Sarcopenic Obesity: ESPEN and EASO Consensus Statement.","recommendation_exception_or_normative_boundary","nutritional_safety_consensus","2022","Obesity facts","35196654","10.1159/000521241","PMC9210010","Journal Article","https://pubmed.ncbi.nlm.nih.gov/35196654/","https://doi.org/10.1159/000521241","https://pmc.ncbi.nlm.nih.gov/articles/PMC9210010/","PMCID_INDEXED_RIGHTS_UNCHECKED","NOT_ACQUIRED_OR_REVIEWED","NOT_CHECKED","NOT_PRODUCED","NOT_AUDITED","NOT_AUDITED","PENDING_FULL_TEXT_AND_TYPE_REVIEW","NOT_VERIFIED","NOT_RUN","NOT_STARTED","NOT_GOLD","EXPLORATORY_CANDIDATE_ONLY_NO_FROZEN_SLOT_BINDING","STRESS_HYPOTHESIS_UNVALIDATED","curated replacement after failed topical/source-type match","38307456",""
"CAND-G100-096","","Expert consensus statements and summary of proceedings from the International Safety and Quality of Parenteral Nutrition Summit.","recommendation_exception_or_normative_boundary","nutritional_safety_consensus","2024 Jun 13","American journal of health-system pharmacy : AJHP : official journal of the American Society of Health-System Pharmacists","38869255","10.1093/ajhp/zxae078","PMC11170495","Journal Article","https://pubmed.ncbi.nlm.nih.gov/38869255/","https://doi.org/10.1093/ajhp/zxae078","https://pmc.ncbi.nlm.nih.gov/articles/PMC11170495/","PMCID_INDEXED_RIGHTS_UNCHECKED","NOT_ACQUIRED_OR_REVIEWED","NOT_CHECKED","NOT_PRODUCED","NOT_AUDITED","NOT_AUDITED","PENDING_FULL_TEXT_AND_TYPE_REVIEW","NOT_VERIFIED","NOT_RUN","NOT_STARTED","NOT_GOLD","EXPLORATORY_CANDIDATE_ONLY_NO_FROZEN_SLOT_BINDING","STRESS_HYPOTHESIS_UNVALIDATED","(""safety""[ti] OR contraindications[ti] OR exceptions[ti]) AND (nutrition[ti] OR diet[ti]) AND (guideline[tiab] OR consensus[tiab]) AND (2019:2026[dp])","",""
"CAND-G100-097","","ESPEN guideline on nutrition and hydration in dementia - Update 2024.","temporal_cutoff_sensitive","updated_guidelines_temporal","2024 Jun","Clinical nutrition (Edinburgh, Scotland)","38772068","10.1016/j.clnu.2024.04.039","","Journal Article","https://pubmed.ncbi.nlm.nih.gov/38772068/","https://doi.org/10.1016/j.clnu.2024.04.039","","NO_PMCID_IN_BIBLIOGRAPHY","NOT_ACQUIRED_OR_REVIEWED","NOT_CHECKED","NOT_PRODUCED","NOT_AUDITED","NOT_AUDITED","PENDING_FULL_TEXT_AND_TYPE_REVIEW","NOT_VERIFIED","NOT_RUN","NOT_STARTED","NOT_GOLD","EXPLORATORY_CANDIDATE_ONLY_NO_FROZEN_SLOT_BINDING","STRESS_HYPOTHESIS_UNVALIDATED","(""guideline""[ti] OR ""consensus""[ti]) AND (""update""[ti] OR ""updated""[ti] OR ""revised""[ti]) AND (nutrition[tiab] OR dietary[tiab] OR diet[tiab]) AND (2022:2026[dp])","",""
"CAND-G100-098","","Management of paediatric ulcerative colitis, part 1: Ambulatory care-An updated evidence-based consensus guideline from the European Society of Paediatric Gastroenterology, Hepatology and Nutrition and the European Crohn's and Colitis Organisation.","temporal_cutoff_sensitive","updated_guidelines_temporal","2025 Sep","Journal of pediatric gastroenterology and nutrition","40677018","10.1002/jpn3.70097","PMC12408984","Journal Article","https://pubmed.ncbi.nlm.nih.gov/40677018/","https://doi.org/10.1002/jpn3.70097","https://pmc.ncbi.nlm.nih.gov/articles/PMC12408984/","PMCID_INDEXED_RIGHTS_UNCHECKED","NOT_ACQUIRED_OR_REVIEWED","NOT_CHECKED","NOT_PRODUCED","NOT_AUDITED","NOT_AUDITED","PENDING_FULL_TEXT_AND_TYPE_REVIEW","NOT_VERIFIED","NOT_RUN","NOT_STARTED","NOT_GOLD","EXPLORATORY_CANDIDATE_ONLY_NO_FROZEN_SLOT_BINDING","STRESS_HYPOTHESIS_UNVALIDATED","(""guideline""[ti] OR ""consensus""[ti]) AND (""update""[ti] OR ""updated""[ti] OR ""revised""[ti]) AND (nutrition[tiab] OR dietary[tiab] OR diet[tiab]) AND (2022:2026[dp])","",""
"CAND-G100-099","","Cardiometabolic health improvements upon dietary intervention are driven by tissue-specific insulin resistance phenotype: A precision nutrition trial.","incomplete_or_missing_source_text","abstract_only_candidate","2023 Jan 03","Cell metabolism","36599304","10.1016/j.cmet.2022.12.002","","Randomized Controlled Trial","https://pubmed.ncbi.nlm.nih.gov/36599304/","https://doi.org/10.1016/j.cmet.2022.12.002","","NO_PMCID_IN_BIBLIOGRAPHY","NOT_ACQUIRED_OR_REVIEWED","NOT_CHECKED","NOT_PRODUCED","NOT_AUDITED","NOT_AUDITED","PENDING_FULL_TEXT_AND_TYPE_REVIEW","NOT_VERIFIED","NOT_RUN","NOT_STARTED","NOT_GOLD","EXPLORATORY_CANDIDATE_ONLY_NO_FROZEN_SLOT_BINDING","STRESS_HYPOTHESIS_UNVALIDATED","(""dietary intervention""[ti] OR ""nutrition counseling""[ti]) AND ""randomized controlled trial""[pt] AND (2023:2026[dp])","","No PMCID in this PubMed result; this DOES NOT prove missing full text. | No PMCID does not prove full text is inaccessible."
"CAND-G100-100","","Short-term intermittent fasting and energy restriction do not impair rates of muscle protein synthesis: A randomised, controlled dietary intervention.","incomplete_or_missing_source_text","abstract_only_candidate","2024 Nov","Clinical nutrition (Edinburgh, Scotland)","39418832","10.1016/j.clnu.2024.09.034","","Journal Article","https://pubmed.ncbi.nlm.nih.gov/39418832/","https://doi.org/10.1016/j.clnu.2024.09.034","","NO_PMCID_IN_BIBLIOGRAPHY","NOT_ACQUIRED_OR_REVIEWED","NOT_CHECKED","NOT_PRODUCED","NOT_AUDITED","NOT_AUDITED","PENDING_FULL_TEXT_AND_TYPE_REVIEW","NOT_VERIFIED","NOT_RUN","NOT_STARTED","NOT_GOLD","EXPLORATORY_CANDIDATE_ONLY_NO_FROZEN_SLOT_BINDING","STRESS_HYPOTHESIS_UNVALIDATED","(""dietary intervention""[ti] OR ""nutrition counseling""[ti]) AND ""randomized controlled trial""[pt] AND (2023:2026[dp])","","No PMCID in this PubMed result; this DOES NOT prove missing full text. | No PMCID does not prove full text is inaccessible."
